イオンバイク,0000,【お店受取り送料無料】 パナソニック (Panasonic) SW イオン限定モデル マットジェットブラック 変速なし 20型 BE-2ELSW01B 電動自転車,69800,75384,173
イオンバイク,0000,【お店受取り送料無料】 パナソニック (Panasonic) SW イオン限定モデル アクティブホワイト 変速なし 20型 BE-2ELSW01F 電動自転車,69800,75384,173
イオンバイク,0000,【お店受取り送料無料】 パナソニック (Panasonic) SW イオン限定モデル マットブルーグレー 変速なし 20型 BE-2ELSW01V 電動自転車,69800,75384,173
イオンバイク,0000,【お店受取り送料無料】 パナソニック (Panasonic) SW イオン限定モデル マットディープグリーン 変速なし 20型 BE-2ELSW01G2 電動自転車,69800,75384,173
イオンバイク,0000,【お店受取り送料無料】 パナソニック (Panasonic) SW イオン限定モデル マットクラウディグレー 変速なし 20型 BE-2ELSW01N 電動自転車,69800,75384,173
イオンバイク,2017,【お店受取り送料無料】【ヤマハ YAMAHA】PAS ナチュラ M 2017年モデル シルバー 26型 内装3段変速【ラクラク】【電動自転車】【イオン】【自転車】【26インチ】,78704,85000,510
イオンバイク,2017,【お店受取り送料無料】【ヤマハ YAMAHA】PAS ナチュラ M 2017年モデル アッシュゴールド 26型 内装3段変速【ラクラク】【電動自転車】【イオン】【自転車】【26インチ】,78704,85000,510
イオンバイク,2017,【お店受取り送料無料】【ヤマハ YAMAHA】PAS ナチュラ M 2017年モデル アースブルー 26型 内装3段変速【ラクラク】【電動自転車】【イオン】【自転車】【26インチ】,78704,85000,510
イオンバイク,2017,【お店受取り送料無料】【ヤマハ YAMAHA】PAS ナチュラ M 2017年モデル ターコイズ 26型 内装3段変速【ラクラク】【電動自転車】【イオン】【自転車】【26インチ】,78704,85000,510
イオンバイク,2017,【お店受取り送料無料】【ヤマハ YAMAHA】PAS ナチュラ M 2017年モデル カラメルブラウン 26型 内装3段変速【ラクラク】【電動自転車】【イオン】【自転車】【26インチ】,78704,85000,510
イオンバイク,2017,【お店受取り送料無料】【ヤマハ YAMAHA】PAS ナチュラ M 2017年モデル リッチレッド 26型 内装3段変速【ラクラク】【電動自転車】【イオン】【自転車】【26インチ】,78704,85000,510
イオンバイク,2018,【お店受取り送料無料】 パナソニック (PANASONIC) ビビTX 2018-2019年(継続)モデル イオン限定仕様 オフホワイト 内装3段変速 26型 BE-3ELTX633 電動自転車,79800,86184,154
イオンバイク,2018,【お店受取り送料無料】 パナソニック (PANASONIC) ビビTX 2018-2019年(継続)モデル イオン限定仕様 ビターブラウン 内装3段変速 26型 BE-3ELTX633 電動自転車,79800,86184,154
イオンバイク,2018,【お店受取り送料無料】 パナソニック (PANASONIC) ビビTX 2018-2019年(継続)モデル イオン限定仕様 USブルー 内装3段変速 26型 BE-3ELTX633 電動自転車,79800,86184,154
イオンバイク,0000,【お店受取り送料無料】 パナソニック (Panasonic) 24インチ ビビ SX マットブラック 内装3段変速 24型 BE-ELSX43B 電動自転車,82800,89424,116
イオンバイク,2018,【お店受取り送料無料】【ヤマハ】PAS ナチュラXL リミテッド 2018年モデル PA26DGLC8J レッド 26型 内装3段変速【電動自転車】【イオン】,83149,89800,504
イオンバイク,0000,【お店受取り送料無料】 パナソニック (Panasonic) ベロスター ワインレッド 外装7段変速 700&#215;38C BE-ELVS77R 電動自転車,89800,96984,157
イオンバイク,0000,【お店受取り送料無料】 パナソニック (Panasonic) ベロスター クリスタルホワイト 外装7段変速 700&#215;38C BE-ELVS77F 電動自転車,89800,96984,157
イオンバイク,0000,【お店受取り送料無料】 パナソニック (Panasonic) ベロスター ミッドナイトブラック 外装7段変速 700&#215;38C BE-ELVS77B 電動自転車,89800,96984,157
イオンバイク,0000,【お店受取り送料無料】 パナソニック (Panasonic) ベロスター・ミニ メタリックオレンジ 外装7段変速 20型 BE-ELVS07K 電動自転車,89800,96984,160
イオンバイク,0000,【お店受取り送料無料】 パナソニック (Panasonic) ベロスター・ミニ ミッドナイトブラック 外装7段変速 20型 BE-ELVS07B 電動自転車,89800,96984,160
イオンバイク,2019,【お店受取り送料無料】 ヤマハ (YAMAHA) PAS ナチュラM 2019年モデル ミラーシルバー 内装3段変速 26&#215;1 3/8 26型 PA26NM,89800,96984,510
イオンバイク,2019,【お店受取り送料無料】 ヤマハ (YAMAHA) PAS ナチュラM 2019年モデル レッド 内装3段変速 26&#215;1 3/8 26型 PA26NM,89800,96984,510
イオンバイク,2019,【お店受取り送料無料】 ヤマハ (YAMAHA) PAS ナチュラM 2019年モデル Cブラック 内装3段変速 26&#215;1 3/8 26型 PA26NM,89800,96984,510
イオンバイク,2019,【お店受取り送料無料】 ヤマハ (YAMAHA) PAS ナチュラM 2019年モデル Dグリーン 内装3段変速 26&#215;1 3/8 26型 PA26NM,89800,96984,510
イオンバイク,2019,【お店受取り送料無料】 ヤマハ (YAMAHA) PAS ナチュラXM 2019年モデル イオン限定仕様 12.3Ah 大容量バッテリー搭載 ナチュラM アイボリー 内装3段変速 26型 電動自転車,89800,96984,513
イオンバイク,2019,【お店受取り送料無料】 ヤマハ (YAMAHA) PAS ナチュラXM 2019年モデル イオン限定仕様 12.3Ah 大容量バッテリー搭載 ナチュラM カラメルブラウン 内装3段変速 26型 電動自転車,89800,96984,513
イオンバイク,2018,【お店受取り送料無料】 ヤマハ (YAMAHA) PAS ウィズ With 2018年モデル ダークメタリックブルー 26型 内装3段変速 電動自転車,92408,99800,474
イオンバイク,2018,【お店受取り送料無料】 ヤマハ (YAMAHA) PAS ウィズ With 2018年モデル ダークメタリックブラウン 26型 内装3段変速 電動自転車,92408,99800,474
イオンバイク,2018,【お店受取り送料無料】 ヤマハ (YAMAHA) PAS ウィズ With 2018年モデル ピュアパールホワイト 26型 内装3段変速 電動自転車,92408,99800,474
イオンバイク,2018,【お店受取り送料無料】 ヤマハ (YAMAHA) PAS ウィズ With 2018年モデル ピュアシルバー 26型 内装3段変速 電動自転車,92408,99800,474
イオンバイク,0000,【お店受取り送料無料】【トランスモバイリー】折りたたみ電動アシスト自転車 ULTRA LIGHT E-BIKE TRANS MOBILLY ブラック 14型 変速なし【ラクラク】【電動自転車】【イオン】【自転車】,92408,99800
イオンバイク,0000,【お店受取り送料無料】【トランスモバイリー】折りたたみ電動アシスト自転車 ULTRA LIGHT E-BIKE TRANS MOBILLY レッド 14型 変速なし【ラクラク】【電動自転車】【イオン】【自転車】,92408,99800
イオンバイク,0000,【お店受取り送料無料】【トランスモバイリー】折りたたみ電動アシスト自転車 ULTRA LIGHT E-BIKE TRANS MOBILLY ホワイト 14型 変速なし【ラクラク】【電動自転車】【イオン】【自転車】,92408,99800
イオンバイク,2018,【お店受取り送料無料】 ヤマハ (YAMAHA) PAS ウィズ デラックス With DX 2018年モデル ピュアホワイト 26型 内装3段変速 電動自転車,94800,102384,484
イオンバイク,2018,【お店受取り送料無料】 ヤマハ (YAMAHA) PAS ウィズ デラックス With DX 2018年モデル ワインレッド 26型 内装3段変速 電動自転車,94800,102384,484
イオンバイク,2019,【お店受取り限定】 ヤマハ (YAMAHA) PAS ウィズ With 2019年モデル ピュアシルバー 内装3段変速 26型 PA26W 電動自転車,94800,102384,474
イオンバイク,2019,【お店受取り限定】 ヤマハ (YAMAHA) PAS ウィズ With 2019年モデル ダークメタリックブルー 内装3段変速 26型 PA26W 電動自転車,94800,102384,474
イオンバイク,2019,【お店受取り限定】 ヤマハ (YAMAHA) PAS ウィズ With 2019年モデル ダークメタリックブラウン 内装3段変速 26型 PA26W 電動自転車,94800,102384,474
イオンバイク,2019,【お店受取り限定】 ヤマハ (YAMAHA) PAS ウィズ With 2019年モデル アクアシアン 内装3段変速 26型 PA26W 電動自転車,94800,102384,474
イオンバイク,2019,【お店受取り限定】 ヤマハ (YAMAHA) PAS ウィズ With 2019年モデル ライムグリーン 内装3段変速 26型 PA26W 電動自転車,94800,102384,474
イオンバイク,2019,【お店受取り限定】 ヤマハ (YAMAHA) PAS ウィズ With 2019年モデル ピュアパールホワイト 内装3段変速 26型 PA26W 電動自転車,94800,102384,474
イオンバイク,2019,【お店受取り限定】 ヤマハ (YAMAHA) PAS ウィズ With 2019年モデル ビビッドマットオレンジ 内装3段変速 26型 PA26W 電動自転車,94800,102384,474
イオンバイク,2019,【お店受取り限定】 ヤマハ (YAMAHA) PAS ウィズ With 2019年モデル ピュアシルバー 内装3段変速 24型 PA24W 電動自転車,94800,102384,474
イオンバイク,2019,【お店受取り限定】 ヤマハ (YAMAHA) PAS ウィズ With 2019年モデル ダークメタリックブルー 内装3段変速 24型 PA24W 電動自転車,94800,102384,474
イオンバイク,2019,【お店受取り限定】 ヤマハ (YAMAHA) PAS ウィズ With 2019年モデル ダークメタリックブラウン 内装3段変速 24型 PA24W 電動自転車,94800,102384,474
イオンバイク,2019,【お店受取り限定】 ヤマハ (YAMAHA) PAS ウィズ With 2019年モデル アクアシアン 内装3段変速 24型 PA24W 電動自転車,94800,102384,474
イオンバイク,2019,【お店受取り限定】 ヤマハ (YAMAHA) PAS ウィズ With 2019年モデル ライムグリーン 内装3段変速 24型 PA24W 電動自転車,94800,102384,474
イオンバイク,2019,【お店受取り限定】 ヤマハ (YAMAHA) PAS ウィズ デラックス With DX 2019年モデル ピュアホワイト 内装3段変速 26型 PA26WDX 電動自転車,96800,104544,484
イオンバイク,2019,【お店受取り限定】 ヤマハ (YAMAHA) PAS ウィズ デラックス With DX 2019年モデル マットブラック2 内装3段変速 26型 PA26WDX 電動自転車,96800,104544,484
イオンバイク,2019,【お店受取り限定】 ヤマハ (YAMAHA) PAS ウィズ デラックス With DX 2019年モデル マットカフェベージュ 内装3段変速 26型 PA26WDX 電動自転車,96800,104544,484
イオンバイク,2019,【お店受取り限定】 ヤマハ (YAMAHA) PAS ウィズ デラックス With DX 2019年モデル パウダーブルー2 内装3段変速 26型 PA26WDX 電動自転車,96800,104544,484
イオンバイク,2019,【お店受取り限定】 ヤマハ (YAMAHA) PAS ウィズ デラックス With DX 2019年モデル ディープフォレスト 内装3段変速 26型 PA26WDX 電動自転車,96800,104544,484
イオンバイク,2019,【お店受取り限定】 ヤマハ (YAMAHA) PAS ウィズ デラックス With DX 2019年モデル ワインレッド 内装3段変速 26型 PA26WDX 電動自転車,96800,104544,484
イオンバイク,2019,【お店受取り限定】 ヤマハ (YAMAHA) PAS ウィズ デラックス With DX 2019年モデル ピュアホワイト 内装3段変速 24型 PA24WDX 電動自転車,96800,104544,484
イオンバイク,2019,【お店受取り限定】 ヤマハ (YAMAHA) PAS ウィズ デラックス With DX 2019年モデル マットブラック2 内装3段変速 24型 PA24WDX 電動自転車,96800,104544,484
イオンバイク,2019,【お店受取り限定】 ヤマハ (YAMAHA) PAS ウィズ デラックス With DX 2019年モデル マットカフェベージュ 内装3段変速 24型 PA24WDX 電動自転車,96800,104544,484
イオンバイク,2019,【お店受取り限定】 ヤマハ (YAMAHA) PAS ウィズ デラックス With DX 2019年モデル パウダーブルー2 内装3段変速 24型 PA24WDX 電動自転車,96800,104544,484
イオンバイク,2018,【お店受取り送料無料】 ヤマハ (YAMAHA) PAS SION U パス シオンユー 2018年モデル PA26SU レッド 26型 内装3段変速 電動自転車,98000,105840,425
イオンバイク,2018,【お店受取り送料無料】 ヤマハ (YAMAHA) PAS SION U パス シオンユー 2018年モデル PA26SU アイボリー 26型 内装3段変速 電動自転車,98000,105840,425
イオンバイク,2018,【お店受取り送料無料】 ヤマハ (YAMAHA) PAS SION U パス シオンユー 2018年モデル PA26SU アースブルー 26型 内装3段変速 電動自転車,98000,105840,425
イオンバイク,2018,【お店受取り送料無料】 ヤマハ (YAMAHA) PAS SION U パス シオンユー 2018年モデル PA24SU レッド 24型 内装3段変速 電動自転車,98000,105840,425
イオンバイク,2018,【お店受取り送料無料】 ヤマハ (YAMAHA) PAS SION U パス シオンユー 2018年モデル PA24SU アースブルー 24型 内装3段変速 電動自転車,98000,105840,425
イオンバイク,2018,【お店受取り送料無料】 ヤマハ (YAMAHA) PAS SION U パス シオンユー 2018年モデル PA20SU レッド 20型 内装3段変速 電動自転車,98000,105840,425
イオンバイク,2018,【お店受取り送料無料】 ヤマハ (YAMAHA) PAS SION U パス シオンユー 2018年モデル PA20SU アイボリー 20型 内装3段変速 電動自転車,98000,105840,425
イオンバイク,2018,【お店受取り送料無料】 ヤマハ (YAMAHA) PAS SION U パス シオンユー 2018年モデル PA20SU アースブルー 20型 内装3段変速 電動自転車,98000,105840,425
イオンバイク,2018,【お店受取り送料無料】 ヤマハ (YAMAHA) PAS SION U パス シオンユー 2018年モデル PA20SU ビンテージブロンズ 20型 内装3段変速 電動自転車,98000,105840,425
イオンバイク,2019,【お店受取り送料無料】 パナソニック (Panasonic) ビビ・DX 2019年モデル オフホワイト 内装3段変速 24型 BE-ELD435F2 電動自転車,99800,107784,132
イオンバイク,2019,【お店受取り送料無料】 パナソニック (Panasonic) ビビ・DX 2019年モデル アップルグリーン 内装3段変速 24型 BE-ELD435G2 電動自転車,99800,107784,132
イオンバイク,2019,【お店受取り送料無料】 パナソニック (Panasonic) ビビ・DX 2019年モデル シャイニーシルバー 内装3段変速 24型 BE-ELD435S 電動自転車,99800,107784,132
イオンバイク,2019,【お店受取り送料無料】 パナソニック (Panasonic) ビビ・DX 2019年モデル USブルー 内装3段変速 24型 BE-ELD435V 電動自転車,99800,107784,132
イオンバイク,2019,【予約 2月出荷予定】【お店受取り送料無料】 パナソニック (Panasonic) ビビ・DX 2019年モデル オフホワイト 内装3段変速 26型 BE-ELD635F2 電動自転車,99800,107784,132
イオンバイク,2019,【予約 2月出荷予定】【お店受取り送料無料】 パナソニック (Panasonic) ビビ・DX 2019年モデル アップルグリーン 内装3段変速 26型 BE-ELD635G2 電動自転車,99800,107784,132
イオンバイク,2019,【予約 2月出荷予定】【お店受取り送料無料】 パナソニック (Panasonic) ビビ・DX 2019年モデル レッドジンジャー 内装3段変速 26型 BE-ELD635R2 電動自転車,99800,107784,132
イオンバイク,2019,【お店受取り送料無料】 パナソニック (Panasonic) ビビ・DX 2019年モデル シャイニーシルバー 内装3段変速 26型 BE-ELD635S 電動自転車,99800,107784,132
イオンバイク,2019,【予約 2月出荷予定】【お店受取り送料無料】 パナソニック (Panasonic) ビビ・DX 2019年モデル ビターブラウン 内装3段変速 26型 BE-ELD635T2 電動自転車,99800,107784,132
イオンバイク,2019,【予約 2月出荷予定】【お店受取り送料無料】 パナソニック (Panasonic) ビビ・DX 2019年モデル USブルー 内装3段変速 26型 BE-ELD635V 電動自転車,99800,107784,132
イオンバイク,2019,【予約 1月出荷予定】【2/28まであんしん補償付】【お店受取り限定】 ヤマハ (YAMAHA) 26インチ PAS アミ Ami 2019年モデル PA26A アースブルー 内装3段変速 26型 電動自転車,99800,107784,339
イオンバイク,2019,【予約 1月出荷予定】【2/28まであんしん補償付】【お店受取り限定】 ヤマハ (YAMAHA) 26インチ PAS アミ Ami 2019年モデル PA26A レッド 内装3段変速 26型 電動自転車,99800,107784,339
イオンバイク,2019,【予約 1月出荷予定】【2/28まであんしん補償付】【お店受取り限定】 ヤマハ (YAMAHA) 26インチ PAS アミ Ami 2019年モデル PA26A マットブラック 内装3段変速 26型 電動自転車,99800,107784,339
イオンバイク,2019,【予約 1月出荷予定】【2/28まであんしん補償付】【お店受取り限定】 ヤマハ (YAMAHA) 26インチ PAS アミ Ami 2019年モデル PA26A パウダーブルー 内装3段変速 26型 電動自転車,99800,107784,339
イオンバイク,2019,【予約 1月出荷予定】【2/28まであんしん補償付】【お店受取り限定】 ヤマハ (YAMAHA) 26インチ PAS アミ Ami 2019年モデル PA26A スノーホワイト 内装3段変速 26型 電動自転車,99800,107784,339
イオンバイク,2019,【予約 1月出荷予定】【2/28まであんしん補償付】【お店受取り限定】 ヤマハ (YAMAHA) 26インチ PAS アミ Ami 2019年モデル PA26A サクラピンク 内装3段変速 26型 電動自転車,99800,107784,339
イオンバイク,2018,【お店受取り送料無料】【ヤマハ】PAS アミ Ami 2018年モデル Aレッド 26型 内装3段変速【ラクラク】【電動自転車】【イオン】【自転車】,100800,108864,339
イオンバイク,2018,【お店受取り送料無料】【ヤマハ】PAS アミ Ami 2018年モデル シアンブルー 26型 内装3段変速【ラクラク】【電動自転車】【イオン】【自転車】,100800,108864,339
イオンバイク,2018,【お店受取り送料無料】【ヤマハ】PAS アミ Ami 2018年モデル スノーホワイト 26型 内装3段変速【ラクラク】【電動自転車】【イオン】【自転車】,100800,108864,339
イオンバイク,2018,【お店受取り送料無料】【ヤマハ】PAS アミ Ami 2018年モデル Sベージュ 26型 内装3段変速【ラクラク】【電動自転車】【イオン】【自転車】,100800,108864,339
イオンバイク,2018,【お店受取り送料無料】ヤマハ (YAMAHA) PAS CITY-C シティC 2018年モデル PA20CC マットオリーブ 20型 内装3段変速 電動自転車,101800,109944,386
イオンバイク,2018,【お店受取り送料無料】ヤマハ (YAMAHA) PAS CITY-C シティC 2018年モデル PA20CC モダンブルー 20型 内装3段変速 電動自転車,101800,109944,386
イオンバイク,2018,【お店受取り送料無料】ヤマハ (YAMAHA) PAS CITY-C シティC 2018年モデル PA20CC レッド 20型 内装3段変速 電動自転車,101800,109944,386
イオンバイク,2018,【お店受取り送料無料】ヤマハ (YAMAHA) PAS CITY-C シティC 2018年モデル PA20CC クリスタルホワイト 20型 内装3段変速 電動自転車,101800,109944,386
イオンバイク,2019,【予約 1月出荷予定】【2/28まであんしん補償付】【お店受取り限定】 ヤマハ (YAMAHA) 27インチ PAS シティ エスピー ファイブ CITY-SP5 2019年モデル PA27CSP5 ミラーシルバー 内装3段変速 27型 電動自転車,104800,113184,391
イオンバイク,2019,【予約 1月出荷予定】【2/28まであんしん補償付】【お店受取り限定】 ヤマハ (YAMAHA) 27インチ PAS シティ エスピー ファイブ CITY-SP5 2019年モデル PA27CSP5 クリスタルブラック 内装3段変速 27型 電動自転車,104800,113184,391
イオンバイク,2019,【予約 1月出荷予定】【2/28まであんしん補償付】【お店受取り限定】 ヤマハ (YAMAHA) 27インチ PAS シティ エスピー ファイブ CITY-SP5 2019年モデル PA27CSP5 スノーホワイト 内装3段変速 27型 電動自転車,104800,113184,391
イオンバイク,2019,【予約 1月出荷予定】【2/28まであんしん補償付】【お店受取り限定】 パナソニック (Panasonic) 26インチ ティモ L Timo 2019年モデル オフホワイト 3段変速 26型 BE-ELSL63F 電動自転車,104800,113184
イオンバイク,2019,【予約 1月出荷予定】【2/28まであんしん補償付】【お店受取り限定】 パナソニック (Panasonic) 26インチ ティモ L Timo 2019年モデル クラシカルレッド 3段変速 26型 BE-ELSL63R 電動自転車,104800,113184
イオンバイク,2019,【予約 1月出荷予定】【2/28まであんしん補償付】【お店受取り限定】 パナソニック (Panasonic) 26インチ ティモ L Timo 2019年モデル マットダークブラウン 3段変速 26型 BE-ELSL63T 電動自転車,104800,113184
イオンバイク,2019,【予約 1月出荷予定】【2/28まであんしん補償付】【お店受取り限定】 パナソニック (Panasonic) 26インチ ティモ L Timo 2019年モデル ベールブルー 3段変速 26型 BE-ELSL63V 電動自転車,104800,113184
イオンバイク,2018,【お店受取り送料無料】【ヤマハ】PAS CITY-SP5 (パス シティ エスピー ファイブ) 2018年モデル PA27CSP5 ディープブラック 27型 内装5段変速【電動自転車】【イオン】,105800,114264,391
イオンバイク,2018,【お店受取り送料無料】【ヤマハ】PAS CITY-X シティX 2018年モデル PA20CX メタル 20型 内装3段変速【ラクラク】【電動自転車】【イオン】【自転車】,105800,114264,394
イオンバイク,2018,【お店受取り送料無料】【ヤマハ】PAS CITY-X シティX 2018年モデル PA20CX マットグラファイト 20型 内装3段変速【ラクラク】【電動自転車】【イオン】【自転車】,105800,114264,394
イオンバイク,2018,【お店受取り送料無料】【ヤマハ】PAS CITY-X シティX 2018年モデル PA20CX ボルドー 20型 内装3段変速【ラクラク】【電動自転車】【イオン】【自転車】,105800,114264,394
イオンバイク,2018,【お店受取り送料無料】【ヤマハ】PAS CITY-X シティX 2018年モデル PA20CX クリスタルホワイト 20型 内装3段変速【ラクラク】【電動自転車】【イオン】【自転車】,105800,114264,394
イオンバイク,2019,【お店受取り送料無料】 パナソニック (Panasonic) ビビ・L 2019年モデル ラセットオレンジ 内装3段変速 24型 BE-ELL43K 電動自転車,105800,114264,151
イオンバイク,2019,【お店受取り送料無料】 パナソニック (Panasonic) ビビ・L 2019年モデル ウォームシルバー 内装3段変速 24型 BE-ELL43S 電動自転車,105800,114264,151
イオンバイク,2019,【お店受取り送料無料】 パナソニック (Panasonic) ビビ・L 2019年モデル チョコブラウン 内装3段変速 24型 BE-ELL43T 電動自転車,105800,114264,151
イオンバイク,2019,【お店受取り送料無料】 パナソニック (Panasonic) ビビ・L 2019年モデル ターコイズブルー 内装3段変速 24型 BE-ELL43V 電動自転車,105800,114264,151
イオンバイク,2019,【お店受取り送料無料】 パナソニック (Panasonic) ビビ・L 2019年モデル ラセットオレンジ 内装3段変速 26型 BE-ELL63K 電動自転車,105800,114264,151
イオンバイク,2019,【お店受取り送料無料】 パナソニック (Panasonic) ビビ・L 2019年モデル ウォームシルバー 内装3段変速 26型 BE-ELL63S 電動自転車,105800,114264,151
イオンバイク,2019,【お店受取り送料無料】 パナソニック (Panasonic) ビビ・L 2019年モデル チョコブラウン 内装3段変速 26型 BE-ELL63T 電動自転車,105800,114264,151
イオンバイク,2019,【お店受取り送料無料】 パナソニック (Panasonic) ビビ・L 2019年モデル ターコイズブルー 内装3段変速 26型 BE-ELL63V 電動自転車,105800,114264,151
イオンバイク,2019,【お店受取り送料無料】 パナソニック (Panasonic) ビビ・L20 2019年モデル ラセットオレンジ 内装3段変速 20型 BE-ELL03K 電動自転車,105800,114264,151
イオンバイク,2019,【お店受取り送料無料】 パナソニック (Panasonic) ビビ・L20 2019年モデル ウォームシルバー 内装3段変速 20型 BE-ELL03S 電動自転車,105800,114264,151
イオンバイク,2019,【お店受取り送料無料】 パナソニック (Panasonic) ビビ・L20 2019年モデル チョコブラウン 内装3段変速 20型 BE-ELL03T 電動自転車,105800,114264,151
イオンバイク,0000,【お店受取り送料無料】 パナソニック (Panasonic) グリッター マットルージュ 内装3段変速 20型 BE-ELGL033R2 電動自転車,106800,115344,181
イオンバイク,0000,【お店受取り送料無料】 パナソニック (Panasonic) グリッター グレイッシュレディブルー 内装3段変速 20型 BE-ELGL033V 電動自転車,106800,115344,181
イオンバイク,0000,【お店受取り送料無料】 パナソニック (Panasonic) Jコンセプト マットナイト 変速なし 20型 BE-JELJ01AB 電動自転車,106800,115344,170
イオンバイク,0000,【お店受取り送料無料】 パナソニック (Panasonic) Jコンセプト クリスタルホワイト 変速なし 20型 BE-JELJ01AF 電動自転車,106800,115344,170
イオンバイク,0000,【お店受取り送料無料】 パナソニック (Panasonic) Jコンセプト レッドリーブス 変速なし 20型 BE-JELJ01AR 電動自転車,106800,115344,170
イオンバイク,0000,【お店受取り送料無料】 ヤマハ (YAMAHA) PAS CITY-V パス シティ ヴイ ミラーシルバー 内装5段変速 24型 PA24CV 電動自転車,109800,118584,397
イオンバイク,0000,【お店受取り送料無料】 ヤマハ (YAMAHA) PAS CITY-V パス シティ ヴイ ディープグリーン 内装5段変速 24型 PA24CV 電動自転車,109800,118584,397
イオンバイク,0000,【お店受取り送料無料】 ヤマハ (YAMAHA) PAS CITY-V パス シティ ヴイ ルビーレッド 内装5段変速 24型 PA24CV 電動自転車,109800,118584,397
イオンバイク,0000,【お店受取り送料無料】 パナソニック (Panasonic) ティモ・DX ピュアブラック 内装5段変速 27型 BE-ELDT755B 電動自転車,112800,121824,93
イオンバイク,0000,【お店受取り送料無料】 パナソニック (Panasonic) ティモ・DX フレアレッドパール 内装5段変速 27型 BE-ELDT755R 電動自転車,112800,121824,93
イオンバイク,0000,【お店受取り送料無料】 パナソニック (Panasonic) ティモ・DX モダンシルバー 内装5段変速 27型 BE-ELDT755S2 電動自転車,112800,121824,93
イオンバイク,0000,【お店受取り送料無料】 パナソニック (Panasonic) ティモ・I ホワイトパールクリア 内装3段変速 26型 BE-ELTA632F2 電動自転車,112800,121824,100
イオンバイク,0000,【お店受取り送料無料】 パナソニック (Panasonic) ティモ・I ライラック 内装3段変速 26型 BE-ELTA632P 電動自転車,112800,121824,100
イオンバイク,0000,【お店受取り送料無料】 パナソニック (Panasonic) イーゼット EZ マットナイト 内装3段変速 20型 BE-ELZ032AB 電動自転車,113800,122904,166
イオンバイク,0000,【お店受取り送料無料】 パナソニック (Panasonic) イーゼット EZ マットゴールド 内装3段変速 20型 BE-ELZ032AT 電動自転車,113800,122904,166
イオンバイク,2019,【予約 2月出荷予定】【2/28まであんしん補償付】【お店受取り限定】 ブリヂストン (BRIDGESTONE) 26インチ ステップクルーズe STEP CRUZ e 2019年モデル ST6B49 T.Xクロツヤケシ 3段変速 26型 3P90UA0 電動自転車,114800,123984,312
イオンバイク,2019,【予約 2月出荷予定】【2/28まであんしん補償付】【お店受取り限定】 ブリヂストン (BRIDGESTONE) 26インチ ステップクルーズe STEP CRUZ e 2019年モデル ST6B49 T.Xマットカーキ 3段変速 26型 3P90UB0 電動自転車,114800,123984,312
イオンバイク,2019,【予約 2月出荷予定】【2/28まであんしん補償付】【お店受取り限定】 ブリヂストン (BRIDGESTONE) 26インチ ステップクルーズe STEP CRUZ e 2019年モデル ST6B49 F.Xアクティブレッド 3段変速 26型 3P90UC0 電動自転車,114800,123984,312
イオンバイク,2019,【予約 2月出荷予定】【2/28まであんしん補償付】【お店受取り限定】 ブリヂストン (BRIDGESTONE) 26インチ ステップクルーズe STEP CRUZ e 2019年モデル ST6B49 E.Xバイオレットブルー 3段変速 26型 3P90UD0 電動自転車,114800,123984,312
イオンバイク,2019,【予約 2月出荷予定】【2/28まであんしん補償付】【お店受取り限定】 ブリヂストン (BRIDGESTONE) 26インチ ステップクルーズe STEP CRUZ e 2019年モデル ST6B49 E.Xサニーピンク 3段変速 26型 3P90UE0 電動自転車,114800,123984,312
イオンバイク,0000,【お店受取り送料無料】 パナソニック (Panasonic) ティモ・S マットジェットブラック 内装3段変速 26型 BE-ELST634B2 電動自転車,114800,123984,104
イオンバイク,0000,【お店受取り送料無料】 パナソニック (Panasonic) ティモ・S アクティブホワイト 内装3段変速 26型 BE-ELST634F 電動自転車,114800,123984,104
イオンバイク,0000,【お店受取り送料無料】 パナソニック (Panasonic) ティモ・S ラセットオレンジ 内装3段変速 26型 BE-ELST634K 電動自転車,114800,123984,104
イオンバイク,2018,【お店受取り送料無料】【ヤマハ】PAS Mina 2018年モデル シルキーブラック 26型 内装3段変速【ラクラク】【電動自転車】【イオン】【自転車】,115800,125064,342
イオンバイク,2018,【お店受取り送料無料】【ヤマハ】PAS VIENTA 5 パス ヴィエンタ ファイブ 2018年モデル PA26V エスニックブルー 26型 内装5段変速【電動自転車】【イオン】,121800,131544,429
イオンバイク,2018,【お店受取り送料無料】【ヤマハ】PAS VIENTA 5 パス ヴィエンタ ファイブ 2018年モデル PA26V ビターオレンジ 26型 内装5段変速【電動自転車】【イオン】,121800,131544,429
イオンバイク,0000,【お店受取り送料無料】 パナソニック (Panasonic) オフタイム マットナイト&#215;ブラック 外装7段変速 18/20型 BE-ELW072AB2 電動自転車,122800,132624,177
イオンバイク,0000,【お店受取り送料無料】 パナソニック (Panasonic) オフタイム パールホワイト&#215;ブラック 外装7段変速 18/20型 BE-ELW072AF2 電動自転車,122800,132624,177
イオンバイク,0000,【お店受取り送料無料】 パナソニック (Panasonic) オフタイム ブルーグレー&#215;ブラック 外装7段変速 18/20型 BE-ELW072AV2 電動自転車,122800,132624,177
イオンバイク,0000,【お店受取り送料無料】 パナソニック (Panasonic) ハリヤ マットナイト 外装7段変速 26型 BE-ELH242BB 電動自転車,124800,134784,191
イオンバイク,0000,【お店受取り送料無料】 パナソニック (Panasonic) ハリヤ クリスタルホワイト 外装7段変速 26型 BE-ELH242BF 電動自転車,124800,134784,191
イオンバイク,0000,【お店受取り送料無料】 パナソニック (Panasonic) ハリヤ ストーングレー 外装7段変速 26型 BE-ELH242BN 電動自転車,124800,134784,191
イオンバイク,0000,【お店受取り送料無料】 パナソニック (Panasonic) ハリヤ フラッシュアクア 外装7段変速 26型 BE-ELH242BV 電動自転車,124800,134784,191
イオンバイク,0000,【お店受取り送料無料】 パナソニック (Panasonic) BP02 ショアブルー 内装3段変速 26型 BE-ELZC63AV 電動自転車,126800,136944,163
イオンバイク,2018,【お店受取り送料無料】【ヤマハ】PAS ウィズ スーパー With SP 2018年モデル ブロンズメタリック 26型 内装3段変速【ラクラク】【電動自転車】【イオン】【自転車】,131800,142344,490
イオンバイク,2018,【お店受取り送料無料】【ヤマハ】PAS ウィズ スーパー With SP 2018年モデル シャンパンシルバー 24型 内装3段変速【ラクラク】【電動自転車】【イオン】【自転車】,131800,142344,490
イオンバイク,2019,【お店受取り送料無料】 パナソニック (Panasonic) ビビ・EX 2019年モデル ミスティグリーン 内装3段変速 24型 BE-ELE435G 電動自転車,131800,142344,140
イオンバイク,2019,【お店受取り送料無料】 パナソニック (Panasonic) ビビ・EX 2019年モデル STチタンシルバー 内装3段変速 24型 BE-ELE435T 電動自転車,131800,142344,140
イオンバイク,2019,【お店受取り送料無料】 パナソニック (Panasonic) ビビ・EX 2019年モデル マットネイビー 内装3段変速 24型 BE-ELE435V 電動自転車,131800,142344,140
イオンバイク,2019,【お店受取り送料無料】 パナソニック (Panasonic) ビビ・EX 2019年モデル ミスティグリーン 内装3段変速 26型 BE-ELE635G 電動自転車,131800,142344,140
イオンバイク,2019,【お店受取り送料無料】 パナソニック (Panasonic) ビビ・EX 2019年モデル マットルージュ 内装3段変速 26型 BE-ELE635R 電動自転車,131800,142344,140
イオンバイク,2019,【お店受取り送料無料】 パナソニック (Panasonic) ビビ・EX 2019年モデル STチタンシルバー 内装3段変速 26型 BE-ELE635T 電動自転車,131800,142344,140
イオンバイク,2019,【お店受取り限定】 ヤマハ (YAMAHA) PAS ウィズ スーパー With SP 2019年モデル ダークメタリックレッド 内装3段変速 26型 PA26WSP 電動自転車,131800,142344,490
イオンバイク,2019,【お店受取り限定】 ヤマハ (YAMAHA) PAS ウィズ スーパー With SP 2019年モデル グレーメタリック 内装3段変速 26型 PA26WSP 電動自転車,131800,142344,490
イオンバイク,2019,【お店受取り限定】 ヤマハ (YAMAHA) PAS ウィズ スーパー With SP 2019年モデル マットダークグリーン 内装3段変速 26型 PA26WSP 電動自転車,131800,142344,490
イオンバイク,2019,【お店受取り限定】 ヤマハ (YAMAHA) PAS ウィズ スーパー With SP 2019年モデル ブロンズメタリック 内装3段変速 26型 PA26WSP 電動自転車,131800,142344,490
イオンバイク,2019,【お店受取り限定】 ヤマハ (YAMAHA) PAS ウィズ スーパー With SP 2019年モデル ダークメタリックレッド 内装3段変速 24型 PA24WSP 電動自転車,131800,142344,490
イオンバイク,2019,【お店受取り限定】 ヤマハ (YAMAHA) PAS ウィズ スーパー With SP 2019年モデル グレーメタリック 内装3段変速 24型 PA24WSP 電動自転車,131800,142344,490
イオンバイク,0000,【お店受取り送料無料】 パナソニック (Panasonic) ジェッター マットチャコールブラック 440mmサイズ 外装8段変速 700C BE-ELHC44AB 電動自転車,145800,157464,187
イオンバイク,0000,【お店受取り送料無料】 パナソニック (Panasonic) ジェッター マットクラウディグレー 490mmサイズ 外装8段変速 700C BE-ELHC49AN 電動自転車,145800,157464,187
イオンバイク,2018,【お店受取り送料無料】 ヤマハ (YAMAHA) PAS Brace パス ブレイス 2018年モデル PA26B クリスタルホワイト 26型 内装8段変速 電動自転車,151800,163944,368
イオンバイク,2018,【お店受取り送料無料】 ヤマハ (YAMAHA) PAS Brace パス ブレイス 2018年モデル PA26B マットグラファイト 26型 内装8段変速 電動自転車,151800,163944,368
イオンバイク,2018,【お店受取り送料無料】 ヤマハ (YAMAHA) PAS Brace パス ブレイス 2018年モデル PA26B アースブルー 26型 内装8段変速 電動自転車,151800,163944,368
イオンバイク,2018,【お店受取り送料無料】 ヤマハ (YAMAHA) PAS Brace パス ブレイス 2018年モデル PA26B リッチレッド 26型 内装8段変速 電動自転車,151800,163944,368
イオンバイク,2018,【お店受取り送料無料】 ヤマハ (YAMAHA) PAS バビーアン Babby un チャイルドシート無し 2018年モデル パウダーブルー2 内装3段変速 20型 PA20BXL 電動自転車,99800,107784
イオンバイク,2018,【お店受取り送料無料】 ヤマハ (YAMAHA) PAS バビーアン Babby un チャイルドシート無し 2018年モデル ディープフォレスト 内装3段変速 20型 PA20BXL 電動自転車,99800,107784
イオンバイク,2018,【お店受取り送料無料】 ヤマハ (YAMAHA) PAS バビーアン Babby un チャイルドシート無し 2018年モデル マットブラック2 内装3段変速 20型 PA20BXL 電動自転車,99800,107784
イオンバイク,2018,【お店受取り送料無料】 ヤマハ (YAMAHA) PAS バビーアン Babby un チャイルドシート無し 2018年モデル ピュアホワイト 内装3段変速 20型 PA20BXL 電動自転車,99800,107784
イオンバイク,2018,【お店受取り送料無料】 ヤマハ (YAMAHA) PAS バビー アン Babby un チャイルドシート付 2018年モデル ディープフォレスト 20型 内装3段変速 電動自転車 子供乗せ 3人乗り対応,108962,117678
イオンバイク,2018,【お店受取り送料無料】 ヤマハ (YAMAHA) PAS バビー アン Babby un チャイルドシート付 2018年モデル マットブラック2 20型 内装3段変速 電動自転車 子供乗せ 3人乗り対応,108962,117678
イオンバイク,2019,【リヤチャイルドシート用クッションとレインカバー付き】【お店受取り送料無料】 ヤマハ (YAMAHA) PAS バビーアン Babby un リヤチャイルドシート付 2019年モデル イオン限定カラー マットブラック2/アイボリー 内装3段変速 20型 電動自転車,119800,129384
イオンバイク,2019,【リヤチャイルドシート用クッションとレインカバー付き】【お店受取り送料無料】 ヤマハ (YAMAHA) PAS バビーアン Babby un リヤチャイルドシート付 2019年モデル イオン限定カラー マットダークブルー 内装3段変速 20型 電動自転車,119800,129384
イオンバイク,2019,【リヤチャイルドシート用クッションとレインカバー付き】【お店受取り送料無料】 ヤマハ (YAMAHA) PAS バビーアン Babby un リヤチャイルドシート付 2019年モデル イオン限定カラー マットダークグリーン 内装3段変速 20型 電動自転車,119800,129384
イオンバイク,2019,【リヤチャイルドシート用クッションとレインカバー付き】【お店受取り送料無料】 ヤマハ (YAMAHA) PAS Babby un バビーアン リヤチャイルドシート付 2019年モデル パウダーブルー2 内装3段変速 20型 PA20BXLR 電動自転車,125800,135864,355
イオンバイク,2019,【リヤチャイルドシート用クッションとレインカバー付き】【お店受取り送料無料】 ヤマハ (YAMAHA) PAS Babby un バビーアン リヤチャイルドシート付 2019年モデル ワインレッド 内装3段変速 20型 PA20BXLR 電動自転車,125800,135864,355
イオンバイク,2019,【リヤチャイルドシート用クッションとレインカバー付き】【お店受取り送料無料】 ヤマハ (YAMAHA) PAS Babby un バビーアン リヤチャイルドシート付 2019年モデル ディープフォレスト 内装3段変速 20型 PA20BXLR 電動自転車,125800,135864,355
イオンバイク,2019,【リヤチャイルドシート用クッションとレインカバー付き】【お店受取り送料無料】 ヤマハ (YAMAHA) PAS Babby un バビーアン リヤチャイルドシート付 2019年モデル マットカフェベージュ 内装3段変速 20型 PA20BXLR 電動自転車,125800,135864,355
イオンバイク,2019,【リヤチャイルドシート用クッションとレインカバー付き】【お店受取り送料無料】 ヤマハ (YAMAHA) PAS Babby un バビーアン リヤチャイルドシート付 2019年モデル マットブラック2 内装3段変速 20型 PA20BXLR 電動自転車,125800,135864,355
イオンバイク,2019,【リヤチャイルドシート用クッションとレインカバー付き】【お店受取り送料無料】 ヤマハ (YAMAHA) PAS Babby un バビーアン リヤチャイルドシート付 2019年モデル ピュアホワイト 内装3段変速 20型 PA20BXLR 電動自転車,125800,135864,355
イオンバイク,2019,【お店受取り送料無料】 パナソニック (Panasonic) ギュット・アニーズ・SX 2019年モデル マットジェットブラック 内装3段変速 20型 BE-ELAS03B 電動自転車,130800,141264,77
イオンバイク,2019,【お店受取り送料無料】 パナソニック (Panasonic) ギュット・アニーズ・SX 2019年モデル オフホワイト 内装3段変速 20型 BE-ELAS03F 電動自転車,130800,141264,77
イオンバイク,2019,【お店受取り送料無料】 パナソニック (Panasonic) ギュット・アニーズ・SX 2019年モデル マットオリーブ 内装3段変速 20型 BE-ELAS03G 電動自転車,130800,141264,77
イオンバイク,2019,【お店受取り送料無料】 パナソニック (Panasonic) ギュット・アニーズ・SX 2019年モデル マットネイビー 内装3段変速 20型 BE-ELAS03V 電動自転車,130800,141264,77
イオンバイク,2019,【お店受取り送料無料】 パナソニック (Panasonic) ギュット・アニーズ・SX 2019年モデル マットブルーグレー 内装3段変速 20型 BE-ELAS03V2 電動自転車,130800,141264,77
イオンバイク,2019,【お店受取り送料無料】 パナソニック (Panasonic) ギュット・アニーズ・SX 2019年モデル マットハニー 内装3段変速 20型 BE-ELAS03Y 電動自転車,130800,141264,77
イオンバイク,2019,【お店受取り送料無料】 パナソニック (Panasonic) ギュット・アニーズ・DX 2019年モデル マットジェットブラック 内装3段変速 20型 BE-ELAD03B 電動自転車,133800,144504,62
イオンバイク,2019,【お店受取り送料無料】 パナソニック (Panasonic) ギュット・アニーズ・DX 2019年モデル オフホワイト 内装3段変速 20型 BE-ELAD03F 電動自転車,133800,144504,62
イオンバイク,2019,【お店受取り送料無料】 パナソニック (Panasonic) ギュット・アニーズ・DX 2019年モデル マットオリーブ 内装3段変速 20型 BE-ELAD03G 電動自転車,133800,144504,62
イオンバイク,2019,【お店受取り送料無料】 パナソニック (Panasonic) ギュット・アニーズ・DX 2019年モデル マットネイビー 内装3段変速 20型 BE-ELAD03V 電動自転車,133800,144504,62
イオンバイク,2019,【お店受取り送料無料】 パナソニック (Panasonic) ギュット・アニーズ・DX 2019年モデル マットブルーグレー 内装3段変速 20型 BE-ELAD03V2 電動自転車,133800,144504,62
イオンバイク,2019,【お店受取り送料無料】 パナソニック (Panasonic) ギュット・アニーズ・DX26 2019年モデル マットジェットブラック 内装3段変速 26型 BE-ELAD63B 電動自転車,133800,144504,62
イオンバイク,2019,【お店受取り送料無料】 パナソニック (Panasonic) ギュット・アニーズ・DX26 2019年モデル オフホワイト 内装3段変速 26型 BE-ELAD63F 電動自転車,133800,144504,62
イオンバイク,2019,【お店受取り送料無料】 パナソニック (Panasonic) ギュット・アニーズ・DX26 2019年モデル マットオリーブ 内装3段変速 26型 BE-ELAD63G 電動自転車,133800,144504,62
イオンバイク,2019,【お店受取り送料無料】 パナソニック (Panasonic) ギュット・アニーズ・DX26 2019年モデル マットネイビー 内装3段変速 26型 BE-ELAD63V 電動自転車,133800,144504,62
イオンバイク,2019,【お店受取り送料無料】 パナソニック (Panasonic) ギュット・クルーム・DX 2019年モデル マットオリーブ 内装3段変速 20型 BE-ELFD03G 電動自転車,142800,154224,83
イオンバイク,2019,【お店受取り送料無料】 パナソニック (Panasonic) ギュット・クルーム・DX 2019年モデル マットディープグレー 内装3段変速 20型 BE-ELFD03N 電動自転車,142800,154224,83
イオンバイク,2019,【お店受取り送料無料】 パナソニック (Panasonic) ギュット・クルーム・DX 2019年モデル モダングレー 内装3段変速 20型 BE-ELFD03N2 電動自転車,142800,154224,83
イオンバイク,2019,【お店受取り送料無料】 パナソニック (Panasonic) ギュット・クルーム・DX 2019年モデル シアスカーレット 内装3段変速 20型 BE-ELFD03R 電動自転車,142800,154224,83
イオンバイク,2019,【お店受取り送料無料】 パナソニック (Panasonic) ギュット・クルーム・DX 2019年モデル マットネイビー 内装3段変速 20型 BE-ELFD03V 電動自転車,142800,154224,83
イオンバイク,2019,【お店受取り送料無料】 パナソニック (Panasonic) ギュット・クルーム・DX 2019年モデル グレイッシュレディブルー 内装3段変速 20型 BE-ELFD03V2 電動自転車,142800,154224,83
イオンバイク,2019,【お店受取り送料無料】 パナソニック (Panasonic) ギュット・アニーズEX 2019年モデル オフホワイト 内装3段変速 20型 BE-ELAE033F 電動自転車,151800,163944
イオンバイク,2019,【お店受取り送料無料】 パナソニック (Panasonic) ギュット・アニーズEX 2019年モデル マットネイビー 内装3段変速 20型 BE-ELAE033V 電動自転車,151800,163944
イオンバイク,2019,【予約 2019年3月発売】【お店受取り送料無料】 ヤマハ (YAMAHA) PAS Crew Disney edition ディープブラック 内装3段変速 24型 PA24C 電動自転車,152800,165024,400
イオンバイク,2019,【予約 2019年3月発売】【お店受取り送料無料】 ヤマハ (YAMAHA) PAS Crew Disney edition スノーホワイト 内装3段変速 24型 PA24C 電動自転車,152800,165024,400
イオンバイク,2019,【お店受取り送料無料】 パナソニック (Panasonic) ギュット・クルーム・EX 2019年モデル マットディープグレー 内装3段変速 20型 BE-ELFE03N 電動自転車,158800,171504,89
イオンバイク,2019,【お店受取り送料無料】 パナソニック (Panasonic) ギュット・クルーム・EX 2019年モデル シアスカーレット 内装3段変速 20型 BE-ELFE03R 電動自転車,158800,171504,89
イオンバイク,2019,【お店受取り送料無料】 パナソニック (Panasonic) ギュット・クルーム・EX 2019年モデル グレイッシュレディブルー 内装3段変速 20型 BE-ELFE03V2 電動自転車,158800,171504,89
イオンバイク,2019,【お店受取り送料無料】 パナソニック (Panasonic) ギュット・クルーム・EX 2019年モデル マットハニー 内装3段変速 20型 BE-ELFE03Y 電動自転車,158800,171504,89
イオンバイク,2019,【お店受取り送料無料】 パナソニック (Panasonic) 限定ギュット・クルーム・EX 2019年モデル マットファインオレンジ 内装3段変速 20型 BE-ELFE03K 電動自転車,158800,171504,89
イオンバイク,2019,【予約 2019年2月発売】【お店受取り送料無料】 ヤマハ (YAMAHA) PAS Crew Disney edition ミッキー90周年限定デザイン アメリカンレッド 内装3段変速 24型 PA24C 電動自転車,162800,175824,400
イオンバイク,2018,【お店受取り送料無料】【パナソニック】ギュットアニーズKE 2018年モデル BE-ELKE03 マットフォースブラウン 20型 内装3段変速【子供乗せ】【3人乗り対応】【電動自転車】,188000,203040
サイクルベースあさひ,2018,2018 ティモ W 「BE-ELWD632」 26インチ 電動自転車【DZSL1812】,0,83500,108
サイクルベースあさひ,2018,2018 アシスタファイン 「A4FC18」 24インチ 電動自転車,0,83668,211
サイクルベースあさひ,2018,2018 アシスタファイン 「A6FC18」 26インチ 電動自転車,0,84398,211
サイクルベースあさひ,2019,2019 PAS ナチュラM 26インチ 電動自転車,0,84999,510
サイクルベースあさひ,2019,2019 PAS ナチュラM 24インチ 電動自転車,0,85374,510
サイクルベースあさひ,2018,2018 ビビSX「ELSX63」 26インチ 電動自転車,0,86799,116
サイクルベースあさひ,2018,2018 ビビSX「ELSX43」 24インチ 電動自転車,0,86799,116
サイクルベースあさひ,2019,2019 アシスタプリマ 「A6PC18」 26インチ 電動自転車,0,87499,220
サイクルベースあさひ,2019,2019 アシスタファインミニ 「A0BC18」 18インチ 電動自転車,0,88234,211
サイクルベースあさひ,0000,【アウトレットSALE】16 PAS SION-U20 電動自転車 【OLSL1811】,0,88980,425
サイクルベースあさひ,0000,【アウトレットSALE】16 PAS CITY-X 電動自転車 【OLSL1811】,0,89980,394
サイクルベースあさひ,2018,2018 ベロスター「ELVS77」700C 7段変速 電動自転車,0,91312,157
サイクルベースあさひ,2018,2018 ベロスターミニ「ELVS07」20インチ 7段変速 電動自転車,0,91312,160
サイクルベースあさひ,2016,【アウトレットSALE】2016 グリッターA 「BE-ELGL63」 26インチ 電動自転車 【OLSL1811】,0,93980,181
サイクルベースあさひ,0000,【アウトレットSALE】16 PAS Mina 3人乗り対応 電動自転車 【OLSL1811】,0,97979,342
サイクルベースあさひ,0000,【アウトレットSALE】16 PAS ラフィーニL 電動自転車 【OLSL1811】,0,98979
サイクルベースあさひ,2018,2018 TRANS MOBILLY (トランスモバイリー) 電動アシスト 「AL-FDB140」 折りたたみ自転車,0,99800
サイクルベースあさひ,2018,2018 ティモ I 「BE-ELTA63」 26インチ 電動自転車【DZSL1812】,0,100300,100
サイクルベースあさひ,2018,2018 PAS ナチュラXL 26インチ あさひ限定 電動自転車,0,102980
サイクルベースあさひ,2019,2019 ビビ・L20 「BE-ELL03」20インチ 電動自転車,0,103059,151
サイクルベースあさひ,2019,2019 ビビ・L 「BE-ELL63」26インチ 電動自転車,0,103678,148
サイクルベースあさひ,2017,2017 Jコンセプト 「BE-JELJ01」 20インチ 電動自転車,0,103678,170
サイクルベースあさひ,2018,2018 PAS Ami(パスアミ)「PA26A」 26インチ 電動自転車,0,103796,339
サイクルベースあさひ,2018,2018 PAS CITY-C(パスシティシー)「PA20CC」 20インチ 電動自転車,0,104164,386
サイクルベースあさひ,0000,フロンティアDA-I 26インチ 電動自転車 リミテッド【DZSL1812】,0,104980,282
サイクルベースあさひ,2018,2018 PAS CITY-X(パスシティエックス)「PA20CX」20インチ 電動自転車,0,105234,394
サイクルベースあさひ,2018,2018 グリッター「ELGL033」20インチ 電動自転車,0,105798,181
サイクルベースあさひ,0000,【アウトレットSALE】16 アルベルトe 「AES726」 電動自転車 【OLSL1811】,0,105980
サイクルベースあさひ,2018,2018 FRONTIA (フロンティア) 「F4AB28」 24インチ 電動自転車,0,106702,282
サイクルベースあさひ,2018,2018 PAS SION-U (パスシオンユー) 「PA20SU」 20インチ 電動自転車,0,106896,425
サイクルベースあさひ,2018,2018 PAS SION-U (パスシオンユー) 「PA26SU」 26インチ 電動自転車,0,106896,425
サイクルベースあさひ,2019,2019 PAS With 26 26インチ 電動自転車,0,106920,474
サイクルベースあさひ,2019,2019 PAS With 24 24インチ 電動自転車,0,106920,474
サイクルベースあさひ,0000,【アウトレットSALE】16 PAS キッス ミニ 3人乗り対応 電動自転車 【OLSL1811】,0,106980
サイクルベースあさひ,2018,2018 STEPCRUZe(ステップクルーズe) 「ST6B48」 26インチ 電動自転車,0,107782,312
サイクルベースあさひ,2019,2019 PAS CITY-S5 27インチ 5段変速 電動自転車,0,107892,388
サイクルベースあさひ,2019,2019 PAS CITY-C 20インチ 電動自転車,0,107892,386
サイクルベースあさひ,2018,2018 アシスタユニプレミア 「A4PC38」 24インチ 電動自転車,0,108498,233
サイクルベースあさひ,2019,2019 ビビ・DX 「BE-ELD435」24インチ 電動自転車,0,108862,132
サイクルベースあさひ,0000,【アウトレットSALE】16 ハリヤ「ELH42」 電動自転車 【OLSL1811】,0,108979,191
サイクルベースあさひ,2019,2019 ビビ・L 「BE-ELL43」24インチ 電動自転車,0,109186,148
サイクルベースあさひ,2019,2019 ビビ・DX 「BE-ELD635」26インチ 電動自転車,0,109279,132
サイクルベースあさひ,2018,2018 RealStreamMini (リアルストリームミニ) 「RS2C38」 20インチ 電動自転車,0,109499,324
サイクルベースあさひ,2019,2019 フロンティア 「F6AB29」 26インチ 電動自転車,0,109499,282
サイクルベースあさひ,2019,2019 フロンティア 「F4AB29」 24インチ 電動自転車,0,109847,282
サイクルベースあさひ,0000,【アウトレットSALE】16 PASナチュラXLスーパー「PA26NXLSP」 26型 電動自転車【OLSL1811】,0,109979
サイクルベースあさひ,2019,2019 ビビ・DX 26インチ あさひ限定 電動自転車,0,110980,132
サイクルベースあさひ,2019,2019 PAS With DX 26 26インチ 電動自転車,0,111780,484
サイクルベースあさひ,2019,2019 PAS With DX 24 24インチ 電動自転車,0,111780,484
サイクルベースあさひ,2019,2019 PAS CITY-X 20インチ 電動自転車,0,111780,394
サイクルベースあさひ,2019,2019 フロンティアラクット20 「FK0B49」20インチ 電動自転車,0,112591,303
サイクルベースあさひ,2019,2019 PAS Ami 26インチ 電動自転車,0,112752,339
サイクルベースあさひ,2018,2018 cajunae(カジュナe ベーシックライン) 「CB6B48」 26インチ 電動自転車,0,112799,254
サイクルベースあさひ,2018,2018 PAS CITY-SP5(パスシティエスピーファイブ)「PA27CSP5」 27インチ,0,113182,391
サイクルベースあさひ,2019,2019 ティモ DX 「BE-ELDT755」 27インチ 5段変速 電動自転車,0,113398,93
サイクルベースあさひ,2018,2018 PAS CITY-V(パスシティヴイ)「PA24CV」24インチ 5段変速 電動自転車,0,113699,397
サイクルベースあさひ,2019,2019 FRONTIA DX(フロンティアデラックス)「F6DB49」 26インチ 電動自転車,0,114566,295
サイクルベースあさひ,2019,2019 FRONTIA DX(フロンティアデラックス)「F4DB49」 24インチ 電動自転車,0,114566,295
サイクルベースあさひ,2018,2018 PAS Babby un (パスバビーアン) 「PA20BXL」 20インチ 電動自転車 チャイルドシートなしモデル,0,114679,355
サイクルベースあさひ,2019,2019 PAS CITY-SP5 27インチ 5段変速 電動自転車,0,114696,391
サイクルベースあさひ,0000,フロンティア EA24-J 24インチ B400 電動自転車 リミテッド,0,114980,282
サイクルベースあさひ,2018,2018 Jコンセプト「JELJ01A」20インチ 電動自転車,0,114980,170
サイクルベースあさひ,2019,2019 フロンティアラクット24 「FK4B49」24インチ 電動自転車,0,115248,303
サイクルベースあさひ,2019,2019 ティモ S 「BE-ELST634」 26インチ 電動自転車,0,115558,104
サイクルベースあさひ,2018,2018 FRONTIA DX (フロンティアデラックス) 「F6DB38」 26インチ 電動自転車,0,115558,295
サイクルベースあさひ,2018,2018 アシスタユニ 「A2UC38」 20インチ 電動自転車,0,115980,226
サイクルベースあさひ,2018,2018 PAS SION-U (パスシオンユー) 「PA24SU」 24インチ 電動自転車,0,115980,425
サイクルベースあさひ,2018,2018 PAS Babby un (パスバビーアン) あさひ限定 20インチ 電動自転車【DZSL1812】,0,116000,355
サイクルベースあさひ,2018,2018 PAS Mina(パスミナ)「PA26M」 26インチ 電動自転車,0,116509,342
サイクルベースあさひ,2018,2018 アシスタユニ 「A4UC38」 24インチ 電動自転車,0,116980,226
サイクルベースあさひ,2018,2018 アシスタDX 「A6DC38」 26インチ 電動自転車,0,117784,199
サイクルベースあさひ,2018,2018 アシスタDX 「A4DC38」 24インチ 電動自転車,0,117784,199
サイクルベースあさひ,2018,2018 cajunae(カジュナe スイートライン) 「CS6B48」 26インチ 電動自転車,0,118582,250
サイクルベースあさひ,2018,2018 オフタイム 「ELW072A」 18/20インチ 外装7段変速 折りたたみ 電動自転車,0,118798,177
サイクルベースあさひ,2019,2019 PAS Fiona K (パスフィオナ) 26インチ 電動自転車 限定モデル,0,118980,516
サイクルベースあさひ,2019,2019 ティモ I 「BE-ELTA632」 26インチ 電動自転車,0,119662,100
サイクルベースあさひ,2018,2018 ギュット ステージ 22 「BE-ELMU232」 22インチ 3人乗り対応 電動自転車,0,120399,45
サイクルベースあさひ,2019,2019 PAS Mina 26インチ 電動自転車,0,120528,342
サイクルベースあさひ,2018,2018 アシスタユニプレミア 「A2PC38」 20インチ 電動自転車,0,120980,233
サイクルベースあさひ,2018,2018 bikke GRI dd(ビッケグリdd) 「BG0B48」 20インチ,0,120997,260
サイクルベースあさひ,2019,【ご予約・5月以降】2019 PAS Babby un 20インチ 電動自転車,0,121500,355
サイクルベースあさひ,2018,2018 PAS VIENTA5 (パスヴィエンタ5) 「PA26V」 26インチ 内装5段変速 電動自転車,0,122040
サイクルベースあさひ,2018,2018 FRONTIA DX (フロンティアデラックス) 「F4DB38」 24インチ 電動自転車,0,122913,295
サイクルベースあさひ,2018,2018 ハリヤ 「ELH242B」 26インチ 電動自転車,0,123229,191
サイクルベースあさひ,2019,2019 カジュナe スイートライン 「CS6B49」 26インチ 電動自転車,0,123642,250
サイクルベースあさひ,0000,【アウトレットSALE】16 HYDEE.2(HY626C) 3人乗り対応 電動自転車 【OLSL1811】,0,123979
サイクルベースあさひ,2018,2018 bikke MOBe(ビッケモブe) 「BM0C38」 20インチ 3人乗り対応 電動自転車,0,124103
サイクルベースあさひ,2019,2019 カジュナe ベーシックライン 「CB6B49」 26インチ 電動自転車,0,124738,254
サイクルベースあさひ,2018,2018 イーゼット 「ELZ032A」 20インチ 電動自転車,0,124980,166
サイクルベースあさひ,0000,bikke MOB dd (ビッケモブdd) リミテッド-J 24/20インチ 3人乗り対応 電動自転車【DZSL1812】,0,124999,272
サイクルベースあさひ,2019,2019 ギュット・アニーズ・DX・26 「BE-ELAD63」26インチ 3人乗り対応 電動自転車,0,125062,66
サイクルベースあさひ,2019,2019 ティモ L 「BE-ELSL63」 26インチ 電動自転車,0,125980
サイクルベースあさひ,2019,2019 ギュット・アニーズ・SX 「BE-ELAS03」20インチ 3人乗り対応 電動自転車,0,126657,77
サイクルベースあさひ,2018,2018 PAS With SP(パスウィズスーパー)「PA26WSP」 26インチ 電動自転車,0,127326,490
サイクルベースあさひ,2017,2017 BP02「BE-ELZC63」26インチ 電動自転車,0,127330,163
サイクルベースあさひ,2018,2018 BP02「ELZC63A」26インチ 電動自転車,0,127330,163
サイクルベースあさひ,2018,2018 bikkeMOBdd(ビッケモブdd) 「BM0B48」 20インチ 3人乗り対応GW1805,0,127438,272
サイクルベースあさひ,2018,2018 FRONTIA (フロンティアロイヤル) 「F6RB48」 26インチ 電動自転車,0,128043,282
サイクルベースあさひ,2018,2018 FRONTIA (フロンティアロイヤル) 「F4RB48」 24インチ 電動自転車,0,128043,282
サイクルベースあさひ,2018,2018 アルベルトe B400 S型 「AS7B48」 27インチ 内装5段変速 電動自転車,0,128456
サイクルベースあさひ,2018,2018 アルベルトe B400 L型 「AL7B48」 27インチ 内装5段変速 電動自転車,0,128456
サイクルベースあさひ,2018,2018 ビビ KD 「BE-ELKD63」 26インチ 電動自転車,0,129598
サイクルベースあさひ,2018,2018 PAS With SP(パスウィズスーパー)「PA24WSP」 24インチ 電動自転車,0,129793,490
サイクルベースあさひ,0000,LGS-EA20-I 20インチ 電動自転車,0,129980
サイクルベースあさひ,0000,bikke MOB dd (ビッケモブdd)-J リミテッドカラー 24/20インチ 3人乗り対応 電動自転車【DZSL1812】,0,129999,272
サイクルベースあさひ,2019,2019 PAS Babby un リアチャイルドシート付き 20インチ 電動自転車,0,130248,355
サイクルベースあさひ,2019,2019 アルベルトe L型 「AL6B49」 26インチ 電動自転車,0,131263,238
サイクルベースあさひ,2019,2019 STEPCRUZe(ステップクルーズe) 「ST6B49」 26インチ 電動自転車,0,132622,312
サイクルベースあさひ,2019,2019 ギュット・アニーズ・DX 「BE-ELAD03」20インチ 3人乗り対応 電動自転車,0,132849,62
サイクルベースあさひ,2019,2019 アルベルトe L型 「AL7B49」 27インチ 5段変速 電動自転車,0,133168,243
サイクルベースあさひ,2019,2019 アルベルトe S型 「AS7B49」 27インチ 5段変速 電動自転車,0,133168,246
サイクルベースあさひ,2017,2017 ギュットミニDX あさひ限定リミテッド「BE-ELMD033」 20インチ 3人乗り対応 電動自転車【DZSL1812】,0,133980,51
サイクルベースあさひ,2019,【ご予約・2月以降】2019 PAS Babby un SP 20インチ 電動自転車,0,134136,355
サイクルベースあさひ,0000,LGS-EA26-I 26インチ 電動自転車,0,134980
サイクルベースあさひ,2017,2017 PAS ナチュラスーパー「PA26NSP」26インチ 電動自転車,0,134998
サイクルベースあさひ,2019,2019 PAS With SP 26 26インチ 電動自転車,0,135108,490
サイクルベースあさひ,2019,2019 PAS With SP 24 24インチ 電動自転車,0,135108,490
サイクルベースあさひ,2018,2018 ビビ KD 「BE-ELKD43」 24インチ 電動自転車,0,135160
サイクルベースあさひ,2019,2019 ビビ・EX 「BE-ELE635」26インチ 電動自転車,0,135322,140
サイクルベースあさひ,2019,2019 ビビ・EX 「BE-ELE435」24インチ 電動自転車,0,135322,140
サイクルベースあさひ,2019,2019 PAS Kiss mini un 20インチ 電動自転車,0,136080,413
サイクルベースあさひ,2019,2019 bikke MOB dd(ビッケモブdd) 「BM0B49」 20インチ 3人乗り対応 電動自転車,0,136598,272
サイクルベースあさひ,2019,2019 bikke POLAR e(ビッケポーラーe) 「BR0C49」 20インチ 3人乗り対応 電動自転車,0,136978,267
サイクルベースあさひ,0000,ASCENT mini(アセントミニ)18インチ 電動自転車,0,139320,33
サイクルベースあさひ,2019,【ご予約・2月以降】2019 PAS Kiss mini un SP 20インチ 電動自転車,0,139968,415
サイクルベースあさひ,2018,2018 HYDEE II(ハイディーツー) 「HY6C38」 26インチ 電動自転車,0,140843
サイクルベースあさひ,2019,2019 ギュット・クルームDX 「BE-ELFD03」20インチ 3人乗り対応 電動自転車,0,141535
サイクルベースあさひ,2019,2019 bikke GRI dd(ビッケグリdd) 「BG0B49」 20インチ 3人乗り対応 電動自転車,0,141741,260
サイクルベースあさひ,2018,2018 ギュット アニーズ KD 「BE-ELMK03」 20インチ 3人乗り対応 電動自転車【DZSL1812】,0,144980
サイクルベースあさひ,2018,2018 ジェッター 「ELHC49A」 700x38C サイズ:490mm 電動自転車,0,145798,187
サイクルベースあさひ,2018,2018 ジェッター「ELHC44A」 700x38C サイズ:440mm 電動自転車,0,145798,187
サイクルベースあさひ,0000,ASCENT city(アセントシティ)26インチ 電動自転車,0,145800,25
サイクルベースあさひ,0000,EF-1 Pro 16インチ 電動自転車 折りたたみ自転車,0,145980
サイクルベースあさひ,2019,2019 ギュット・アニーズ・DX 20インチ あさひ限定 3人乗り対応 電動自転車,0,146980,62
サイクルベースあさひ,2019,2019 HYDEE2 「HY6B49」 26インチ 3人乗り対応 電動自転車,0,147456
サイクルベースあさひ,2019,2019 ギュット・アニーズ・EX 「BE-ELAE033」20インチ 3人乗り対応 電動自転車,0,149207,71
サイクルベースあさひ,2018,2018 RealStream (リアルストリーム) 「RS6C48」 26インチ 内装8段変速 電動自転車,0,150999,321
サイクルベースあさひ,2019,2019 HYDEE2 「HC6B49」 26インチ 3人乗り対応 電動自転車 限定モデル,0,153381
サイクルベースあさひ,2017,2017 PAS GEAR-U(パスギアユー)「PA26GU」 26インチ 電動自転車,0,160378
サイクルベースあさひ,2017,2017 PAS GEAR-U(パスギアユー)「PA24GU」 24インチ 電動自転車,0,160378
サイクルベースあさひ,2019,2019 ギュット・クルームEX 「BE-ELFE03」20インチ 3人乗り対応 電動自転車,0,160918
サイクルベースあさひ,2018,2018 HYDEE II(ハイディーツー) 「HL6C38」 26インチ 電動自転車 限定モデル,0,160980
サイクルベースあさひ,2018,2018 PAS Brace (パスブレイス) 「PA26B」 26インチ 内装8段変速 電動自転車,0,161980,368
サイクルベースあさひ,0000,ASCENT deluxe(アセントデラックス) 20インチ 電動自転車,0,162000,29
サイクルベースあさひ,2019,2019 PAS Crew Disney edition 24インチ 電動自転車,0,162108,400
サイクルベースあさひ,2017,2017 アシスタビジネスS型 「B6SC47」 26インチ 電動自転車,0,169084
サイクルベースあさひ,2019,2019 PAS Crew Disney edition ミッキー90周年限定デザイン 24インチ 電動自転車,0,172368,400
サイクルベースあさひ,2017,2017 アシスタビジネスU型 「B6UC47」 26インチ 電動自転車,0,172980
サイクルベースあさひ,2017,2017パートナー・DX 「BE-ELGD63」 26インチ 電動自転車,0,179915
サイクルベースあさひ,2018,2018 ギュット アニーズ KE 「BE-ELKE03」 20インチ 3人乗り対応 電動自転車,0,183381,42
サイクルベースあさひ,2016,2016 ビジネスビビ 「BE-ELG43」 24インチ 電動自転車,0,187409
サイクルベースあさひ,2016,2016 ビジネスビビ 「BE-ELG03」 20インチ 電動自転車,0,189119
サイクルベースあさひ,2017,2017 (2016継続) YPJ-C 700C 電動自転車 クロスバイク,0,189799 ～ ￥189980
サイクルベースあさひ,2018,2018 パートナー・DX 「BE-ELGD63A」 26インチ 電動自転車,0,190980
サイクルベースあさひ,2018,2018 パートナー・U 「BE-ELGU43A」 24インチ 電動自転車,0,190980
サイクルベースあさひ,2018,2018 アシスタワゴン 「AW1C38」 18/16インチ 電動自転車 三輪車,0,194546
サイクルベースあさひ,2018,2018 ビビライフ 「ELR832」 18/16インチ 電動自転車 三輪車,0,200068
サイクルベースあさひ,2019,2019 フロンティアラクットワゴン 「FW0B49」16インチ 電動自転車 三輪車,0,200890,303
サイクルベースあさひ,2018,2018 PAS ワゴン 「PT16」 18/16インチ 電動自転車 三輪車,0,205980
サイクルベースあさひ,2018,2018 YPJ-R 700C 電動自転車 ロードバイク,0,219699
サイクルベースあさひ,2018,2018 XU1 「BE-EXU44」 700C 外装9段変速 電動自転車 クロスバイク,0,223499
サイクルベースあさひ,2018,2018 TAGETE27.5 (タジェーテ) 27.5インチ(650B) 電動自転車 油圧ディスクブレーキ マウンテンバイク,0,254980
サイクルベースあさひ,2018,2018 YPJ-EC 電動自転車 クロスバイク 機械式ディスクブレーキ,0,275981
サイクルベースあさひ,2018,2018 YPJ-TC 油圧式ディスクブレーキ 電動自転車 クロスバイク,0,318980
サイクルベースあさひ,2018,2018 XM1 「BE-EXM240」 27.5インチ 外装10段変速 電動自転車 マウンテンバイク,0,338578
サイクルベースあさひ,2018,2018 YPJ-ER 油圧式ディスクブレーキ 電動自転車 ロードバイク,0,340980
サイクルベースあさひ,0000,ASCENT e-sports(アセントeスポーツ) 20インチ 電動自転車,0,356400
サイクルベースあさひ,2018,2018 XM2 「BE-EWM40」 27.5インチ 20段変速 電動自転車 マウンテンバイク,0,371999
サイクルベースあさひ,2018,2018 YPJ-XC 27.5インチ(650B) 油圧ディスクブレーキ 電動自転車 マウンテンバイク,0,372980
サイクルベースあさひ,0000,DAVOS E-600 (ダボスE-600) クロモリフレーム 油圧ディスクブレーキ 電動自転車,0,417960
サイクルスポット,2019,パナソニック SW〔BE-ELSW01〕小径 電動自転車【2019年モデル】,75000,81000,173
サイクルスポット,2018,パナソニック 限定特価 ビビSX26 ママチャリ 電動自転車〔SALE_BE-ELSX63〕【2018年モデル】【アウトレット品】,76800,82944,116
サイクルスポット,2018,ブリヂストンサイクル アシスタファイン26 ママチャリ電動自転車〔A6FC18〕【2018年モデル】,79800,86184,211
サイクルスポット,2018,ブリヂストンサイクル アシスタベーシックミニ 電動自転車〔A0BD18〕【2018年モデル】,79800,86184
サイクルスポット,2018,パナソニック ビビSX24〔BE-ELSX43〕電動自転車【2018年モデル】【WEB限定価格】,80000,86400,116
サイクルスポット,2018,パナソニック ビビSX26〔BE-ELSX63〕電動自転車【2018年モデル】【WEB限定価格】,80000,86400,116
サイクルスポット,2018,ブリヂストンサイクル アシスタファイン24 電動自転車〔A4FC18〕【2018年モデル】,87800,94824,211
サイクルスポット,2018,ビビLU26 〔BE-ELLU632〕【2018年モデル】パナソニック 電動自転車 ママチャリ【WEB限定価格】,89000,96120,148
サイクルスポット,2018,ヤマハ PAS With26〔PA26AGWL8J〕パスウィズ26インチ ママチャリ電動自転車【2018年モデル】【在庫限りのアウトレット価格】,89800,96984,474
サイクルスポット,2019,ブリヂストン アシスタファインミニ 小径 電動自転車〔A0BC18〕【2019年モデル】,89800,96984,211
サイクルスポット,2018,ヤマハ PAS ナチュラXL LTD〔PA26DGLC8J〕電動自転車【2018年モデル】アウトレット品,89800,96984,503
サイクルスポット,2018,ビビDX24 〔BE-ELD434〕【2018年モデル】パナソニック 電動自転車【在庫限りのアウトレット価格】,89800,96984,132
サイクルスポット,2018,ブリヂストンサイクル フロンティア26 ママチャリ電動自転車〔F6AB28〕【2018年モデル】,89800,96984,282
サイクルスポット,2018,ブリヂストンサイクル アシスタプリマ ママチャリ電動自転車 〔A6PD18〕【2018年モデル】,89800,96984,220
サイクルスポット,2018,ティモW〔BE-ELWD632〕【2018年モデル】パナソニック 電動自転車 ママチャリ,91000,98280,108
サイクルスポット,2018,ベロスター・ミニ  小径電動自転車 ミニベロ〔BE-ELVS07〕【2018年モデル】,92800,100224,160
サイクルスポット,2018,ベロスター パナソニック クロスバイク 電動自転車〔BE-ELVS77〕【2018年モデル】 E-bike イーバイク,92800,100224,157
サイクルスポット,2017,パナソニックグリッター 電動自転車〔BE-ELGL032〕【2017年モデル】,94000,101520,181
サイクルスポット,2018,ブリヂストンサイクル フロンティア24 ママチャリ電動自転車〔F4AB28〕【2018年モデル】,95800,103464,282
サイクルスポット,2017,パナソニックティモF(BE-ELTF63)電動自転車【2017年モデル】アウトレット品,96800,104544
サイクルスポット,2019,ヤマハ PAS With24 ママチャリ電動自転車〔PA24BGWL9J〕【2019年モデル】,99800,107784,474
サイクルスポット,2019,ヤマハ PAS With26 ママチャリ電動自転車〔PA26BGWL9J〕【2019年モデル】,99800,107784,474
サイクルスポット,2019,パナソニック ビビDX 2019 24インチ 〔BE-ELD435〕 【16Ah】 ママチャリ 電動アシスト自転車 【2019年モデル】,99800,107784,132
サイクルスポット,2019,ビビDX 2019 26インチ パナソニック 〔BE-ELD635〕【16Ah】 ママチャリ 電動アシスト自転車 【2019年モデル】,99800,107784,132
サイクルスポット,0000,TRANS MOBILLY 折りたたみ電動自転車 [AL-FDB140E] E-bike イーバイク,99800,107784
サイクルスポット,2018,ヤマハ PAS CITY-C〔PA20DGC8J〕電動自転車【2018年モデル】,99800,107784,386
サイクルスポット,2018,ティモI〔BE-ELTA63〕【2018年モデル】パナソニック 電動自転車 ママチャリ,99800,107784,100
サイクルスポット,2017,パナソニックJコンセプト(BE-JELJ01)電動自転車パナソニック【2017年モデル】アウトレット品,99800,107784,170
サイクルスポット,2018,パナソニック Jコンセプト〔BE-JELJ01A〕電動自転車【2018年モデル】【WEB限定価格】,102000,110160,170
サイクルスポット,2019,ビビL 20インチ〔BE-ELL03〕 2019 パナソニック 小径 電動自転車【2019年モデル】(ビビLS),102800,111024,151
サイクルスポット,2019,ビビL 24インチ〔BE-ELL43〕 2019 パナソニック ママチャリ 電動自転車【12.0Ah】【2019年モデル】(ビビLU24),102800,111024,148
サイクルスポット,2019,ビビL 26インチ〔BE-ELL63〕 2019 パナソニック ママチャリ 電動自転車【12.0Ah】【2019年モデル】(ビビLU26),102800,111024,148
サイクルスポット,0000,アシスタユニ24電動アシスト自転車,103360,111628,226
サイクルスポット,2018,ヤマハ PAS CITY-S5〔PA27EGCS8J〕電動自転車【2018年モデル】,103550,111834,388
サイクルスポット,2018,パナソニック グリッター〔BE-ELGL033〕電動自転車【2018年モデル】,104500,112860,181
サイクルスポット,2019,ヤマハ PAS CITY-C〔PA20EGC9J〕 小径電動自転車【2019年モデル】,104800,113184,386
サイクルスポット,2019,ヤマハ PAS CITY-S5 ママチャリ電動自転車〔PA27GGCS9J〕【2019年モデル】,105500,113940,388
サイクルスポット,2018,ブリヂストンサイクル ステップクルーズe ママチャリ電動自転車〔ST6B48〕【2018年モデル】,105800,114264,312
サイクルスポット,2018,ブリヂストンサイクル フロンティアDX24 電動自転車〔F4DB38〕【2018年モデル】【在庫限りのアウトレット価格】,105800,114264,295
サイクルスポット,2018,ブリヂストンサイクル フロンティアDX26 電動自転車〔F6DB38〕【2018年モデル】【在庫限りのアウトレット価格】,105800,114264,295
サイクルスポット,2018,ヤマハ PAS CITY-X〔PA20DGX8J〕電動自転車【2018年モデル】,107350,115938,394
サイクルスポット,2018,ヤマハ PAS Ami(パスアミ)〔PA26DGA8J〕電動自転車【2018年モデル】26インチ,108300,116964,339
サイクルスポット,2019,ヤマハ PAS CITY-X〔PA20EGX9J〕 小径電動自転車【2019年モデル】,108800,117504,394
サイクルスポット,2019,アシスタDX 24インチ〔A4DC39〕 Assista DX 【2019年モデル】ブリヂストン ママチャリ電動自転車,109060,117784,199
サイクルスポット,2019,アシスタDX 2019 26インチ〔A6DC39〕Assista DX ブリヂストン ママチャリ 電動自転車,109060,117784,199
サイクルスポット,2019,フロンティア 24インチ 2019年〔F4AB29〕ブリヂストン ママチャリ電動自転車,109060,117784,282
サイクルスポット,2019,フロンティア 26インチ 2019年〔F6AB29〕ブリヂストン ママチャリ 電動自転車,109060,117784,282
サイクルスポット,2019,ヤマハ PAS With DX24 ママチャリ電動自転車〔PA24BGWD9J〕【2019年モデル】,109300,118044,484
サイクルスポット,2019,ヤマハ PAS With DX26 ママチャリ電動自転車〔PA26BGWD9J〕【2019年モデル】,109300,118044,484
サイクルスポット,2018,ヤマハ PAS Babby un〔PA20CGXB8J〕パスバビーアン[PA20BXLR]子供乗せ電動自転車【2018年モデル】,109800,118584,355
サイクルスポット,2019,ヤマハ PAS Ami ママチャリ電動自転車〔PA26EGA9J〕【2019年モデル】,109800,118584,339
サイクルスポット,2018,PAS CITY-V 電動自転車〔PA24AGCV8J〕【2018年モデル】,109800,118584,397
サイクルスポット,0000,PAS Mina with RCS 電動自転車〔PA26CGM7J_RCS〕※後ろチャイルドシート付きモデル,109800,118584,474
サイクルスポット,2018,ブリヂストンサイクル カジュナe(ベーシック) ママチャリ電動自転車〔CB6B48〕【2018年モデル】,109800,118584
サイクルスポット,2018,ブリヂストンサイクル カジュナe(スイート) ママチャリ電動自転車〔CS6B48〕【2018年モデル】,109800,118584
サイクルスポット,2018,ヤマハ PAS CITY-SP5〔PA27AGCP8J〕電動自転車【2018年モデル】,110200,119016,391
サイクルスポット,2019,パナソニック ティモL 2019 [BE-ELSL63] ママチャリ 電動自転車 【2019年モデル】【16.0Ah】【26インチ】,110900,119772
サイクルスポット,2019,パナソニック ティモI 2019 [BE-ELTA632] ママチャリ 電動自転車 【16.0Ah】【26インチ】,110900,119772,100
サイクルスポット,2018,パナソニック イーゼット〔BE-ELZ032A〕小径電動自転車【2018年モデル】,111150,120042,166
サイクルスポット,2018,ギュットステージ〔BE-ELMU232〕【2018年モデル】パナソニック 電動自転車 ママチャリ【WEB限定価格】,111500,120420
サイクルスポット,2019,ヤマハ PAS CITY-SP5 ママチャリ電動自転車〔PA27BGCP9J〕【2019年モデル】,112000,120960,391
サイクルスポット,2019,パナソニック ティモDX 2019 [BE-ELDT755] ママチャリ 電動自転車 【2019年モデル】【16.0Ah】【27インチ】,112800,121824,93
サイクルスポット,2019,パナソニック ティモS 2019 [BE-ELST634] ママチャリ 電動自転車 【16.0Ah】【26インチ】,112800,121824,104
サイクルスポット,2019,ブリヂストン フロンティア ラクット24 ママチャリ 電動自転車〔FK4B49〕【2019年モデル】,112860,121888,303
サイクルスポット,2018,ルイガノ 2018 LGS-EA20電動自転車 ミニベロ【店頭受取限定】【在庫限りアウトレット価格】,115800,125064
サイクルスポット,2018,ビッケポーラーe bikke POLAR e ブリヂストン 子供乗せ電動自転車〔BP0D38〕【2018年モデル】,115800,125064,267
サイクルスポット,2019,ヤマハ PAS Mina ママチャリ電動自転車〔PA26EGM9J〕【2019年モデル】,117800,127224,342
サイクルスポット,2019,フロンティアDX 24インチ 2019年〔F4DB49〕ブリヂストン ママチャリ 電動自転車,118560,128044,295
サイクルスポット,2019,フロンティアDX 26インチ 2019年〔F6DB49〕ブリヂストン ママチャリ 電動自転車,118560,128044,295
サイクルスポット,2018,ブリヂストンサイクル フロンティアロイヤル24 ママチャリ電動自転車〔F4RB48〕【2018年モデル】,118560,128044,282
サイクルスポット,2018,ブリヂストンサイクル フロンティアロイヤル26 ママチャリ電動自転車〔F6RB48〕【2018年モデル】,118560,128044,282
サイクルスポット,2019,ヤマハ パスバビ―アン 2019 YAMAHA PAS Babby un 子供乗せ電動自転車 リヤチャイルドシート別売り〔PA20DGB9J〕【2019年モデル】,118700,128196,355
サイクルスポット,2018,ビビKD26〔BE-ELKD63〕【2018年モデル】パナソニック 電動自転車 ママチャリ【WEB限定価格】,120000,129600
サイクルスポット,2018,パナソニック オフタイム〔BE-ELW072A〕小径電動自転車【2018年モデル】,120650,130302,177
サイクルスポット,2018,ルイガノ 2018 LGS-EA26電動自転車【店頭受取限定】【在庫限りアウトレット価格】,121800,131544
サイクルスポット,2018,ギュットアニーズ DX〔BE-ELA03〕【2018年モデル】パナソニック 子供乗せ電動自転車【WEB限定価格】,122500,132300,62
サイクルスポット,2018,ギュットアニーズF DX〔BE-ELA63〕【2018年モデル】パナソニック 子供乗せ電動自転車【WEB限定価格】,122500,132300
サイクルスポット,2018,パナソニック ハリヤ〔BE-ELH242B〕電動自転車【2018年モデル】,122550,132354,191
サイクルスポット,2019,フロンティアリラクシー ママチャリ 電動自転車〔FR6B49〕【2019年モデル】,123300,133164,307
サイクルスポット,2018,ギュットミニ DX〔BE-ELMD034〕【2018年モデル】パナソニック 子供乗せ電動自転車【WEB限定価格】,124533,134495,51
サイクルスポット,2018,ブリヂストン ビッケモブdd bikke MOB dd 子供乗せ電動自転車〔BM0B48〕【2018年モデル】,124800,134784,272
サイクルスポット,0000,LOUIS GARNEAUルイガノ電動自転車17 LGS-EA26【店頭受取限定】,125000,135000
サイクルスポット,2019,フロンティアリラクシー ママチャリ 電動自転車〔FC6B49〕【2019年モデル】,126000,136080,307
サイクルスポット,2019,ヤマハ パスバビ―アン 2019 YAMAHA PAS Babby un 子供乗せ電動自転車 【12.3Ah】〔PA20DGSB9J〕【2019年モデル】リヤチャイルドシート標準装備,127300,137484,355
サイクルスポット,2019,ギュットアニーズSX 2019 パナソニック 子供乗せ 電動自転車〔BE-ELAS03〕【12.0Ah】【2019年モデル】,128800,139104
サイクルスポット,2019,ルイガノ ASCENT mini 2019 アセントミニ 小径 電動自転車【店頭受取限定】ミニベロ,129000,139320,33
サイクルスポット,2019,ヤマハ パスバビ―アン 2019 YAMAHA PAS Babby un SP 子供乗せ電動自転車 【15.4Ah】〔PA20DGSB9J〕【2019年モデル】リヤチャイルドシート標準装備,129800,140184,355
サイクルスポット,2019,ビッケポーラーe 2019 〔BP0C49〕 bikke POLAR e ブリヂストン 子供乗せ電動自転車 【2019年早期モデル】※フロントチャイルドシートクッション別売り,129800,140184,267
サイクルスポット,2019,パナソニック ビビEX 24インチ 2019 ママチャリ 電動自転車〔BE-ELE435〕【2019年モデル】,130900,141372,140
サイクルスポット,2019,パナソニック ビビEX 26インチ 2019 ママチャリ 電動自転車〔BE-ELE635〕【2019年モデル】,130900,141372,140
サイクルスポット,2018,パナソニック BP02〔BE-ELZC63A〕電動自転車【2018年モデル】,131000,141480,163
サイクルスポット,2018,ビッケグリdd bikke GRI dd ブリヂストン 子供乗せ電動自転車〔BG0B48〕【2018年モデル】,131860,142408,260
サイクルスポット,2019,ヤマハ PAS With SP26 ママチャリ電動自転車〔PA26BGWP9J〕【2019年モデル】,132000,142560,490
サイクルスポット,2019,ヤマハ PAS With SP24 ママチャリ電動自転車〔PA24BGWP9J〕【2019年モデル】,132000,142560,490
サイクルスポット,2018,ヤマハ PAS With SP26〔PA26AGWP8J〕ママチャリ電動自転車(パスウィズSP26インチ)【2018年モデル】,132050,142614,490
サイクルスポット,2019,ギュットアニーズDX 2019 パナソニック 子供乗せ 電動自転車〔BE-ELAD03〕【16.0Ah】【2019年モデル】,132800,143424
サイクルスポット,2019,ギュットアニーズDX26 パナソニック 2019 子供乗せ 電動自転車〔BE-ELAD63〕【16.0Ah】【2019年モデル】,132800,143424
サイクルスポット,2019,ヤマハ パスキスミニアン 2019 YAMAHA PAS Kiss mini un 子供乗せ電動自転車【12.3Ah】〔PA20DGXK9J〕〈PA20KXL〉【2019年モデル】,133000,143640,413
サイクルスポット,2018,ブリヂストンサイクル アルベルトe B400 275L ママチャリ電動自転車〔AL7B48〕【2018年モデル】,134800,145584
サイクルスポット,2018,ブリヂストンサイクル アルベルトe B400 275S ママチャリ電動自転車〔AS7B48〕【2018年モデル】,134800,145584
サイクルスポット,2018,EF-1 Pro QICYCLE ミニベロ 折りたたみ イーバイク e-bike 電動自転車【2018年モデル】【店頭受取限定】,135000,145800
サイクルスポット,2019,ルイガノ 電動自転車 ASCENT city 2019 アセントシティ ママチャリ【店頭受取限定】,135000,145800,25
サイクルスポット,2019,ビッケポーラーe 2019 bikke POLAR e〔BR0C49〕ブリヂストン 子供乗せ電動自転車 ※フロントチャイルドシートクッション標準装備,136610,147538,267
サイクルスポット,2019,ヤマハ パスキスミニアンSP 2019 YAMAHA PAS Kiss mini un SP 子供乗せ電動自転車【15.4Ah】〔PA20DGSK9J〕〈PA20KSP〉【2019年モデル】,136800,147744,415
サイクルスポット,0000,TSINOVA チノバ ALIAS 電動自転車 ミニベロ E-bike イーバイク,136800,147744
サイクルスポット,0000,TSINOVA チノバ TS01 電動自転車 小径電動自転車 E-bike イーバイク,136800,147744
サイクルスポット,2018,ギュットアニーズ KD〔BE-ELMK03〕【2018年モデル】パナソニック 子供乗せ電動自転車【WEB限定価格】,139000,150120
サイクルスポット,2019,ギュットクルームDX 2019 パナソニック 〔BE-ELFD03〕 子供乗せ 電動自転車【2019年モデル】【16.0Ah】【20インチ】,139800,150984
サイクルスポット,2019,ビッケグリdd 2019 bikke GRI dd〔BG0B49〕ブリヂストン 子供乗せ電動自転車,139800,150984,260
サイクルスポット,2019,ビッケモブdd 2019 bikke MOB dd〔BM0B49〕ブリヂストン 子供乗せ電動自転車,139800,150984,272
サイクルスポット,2018,ギュットミニ KD〔BE-ELM032〕【2018年モデル】パナソニック 電動自転車【WEB限定価格】,142200,153576,56
サイクルスポット,2019,ハイディ ツー 2019 HYDEE.2〔HY6B49〕ブリヂストン 子供乗せ電動自転車,147060,158824,317
サイクルスポット,0000,ZERO N2.0 ベネリ BENELLI 折りたたみ 電動自転車 E-bike イーバイク【店頭受取限定商品】,148000,159840
サイクルスポット,2019,ヤマハ PAS Crew Disney edition 子供乗せ電動自転車〔PA24AGC9J〕【2019年モデル】,149800,161784,400
サイクルスポット,2019,ギュットアニーズEX 2019 パナソニック 子供乗せ 電動自転車〔BE-ELAE033〕【16.0Ah】【2019年モデル】,149800,161784
サイクルスポット,2019,ハイディ ツー 2019年限定モデル HYDEE.2 〔HC6B49〕ブリヂストン 子供乗せ電動自転車,149910,161902,318
サイクルスポット,2019,ルイガノ 電動自転車  ASCENT DELUXE 2019 アセントデラックス 【子供乗せ対応】【店頭受取限定】,150000,162000,29
サイクルスポット,0000,BESV/ベスビー CF1 LENA(リーナ) ママチャリ電動自転車 <広尾店・渋谷店・都立大学店・麻布十番店・三田店・四谷店受取限定品>,155556,168000,3
サイクルスポット,2019,ギュットクルームEX 2019 パナソニック 〔BE-ELFE03〕 子供乗せ 電動自転車【2019年モデル】【16.0Ah】【20インチ】,157500,170100
サイクルスポット,0000,BENELLI 折りたたみ電動自転車 [mini Fold16] ベネリ E-BIKE イーバイク ミニベロ電動 【店頭受取限定商品】,158000,170640
サイクルスポット,2019,【予約】PAS Crew Disney edition 〈PA24C〉 ミッキー90周年限定デザインモデル ディズニーエディション 2019年モデル 【受注期間限定販売モデル】電動自転車,159600,172368,400
サイクルスポット,2018,ギュットアニーズKE BE-ELKE03 【2018年モデル】 パナソニック 子供乗せ電動自転車【WEB限定価格】,169000,182520
サイクルスポット,0000,【店舗受取限定商品】besv PSA1電動自転車 ベスビー<広尾店・渋谷店・都立大学店・麻布十番店・三田店・四谷店受取限定品>,185000,199800,10
サイクルスポット,0000,besv PSA1 電動自転車 ベスビー<広尾店・渋谷店・都立大学店・麻布十番店・三田店・四谷店受取限定品> E-bike イーバイク,185000,199800,10
サイクルスポット,0000,besv PSA1電動自転車 ベスビー<広尾店・渋谷店・都立大学店・麻布十番店・三田店・四谷店受取限定品> E-bike イーバイク,185000,199800,10
サイクルスポット,0000,besv PSA1 電動自転車 ベスビー<広尾店・渋谷店・都立大学店・麻布十番店・三田店・四谷店受取限定品> E-bike イーバイク,185000,199800,10
サイクルスポット,0000,ベネリbenelli  TAGETE 27.5 E-bike 電動自転車マウンテンバイク<※100台限定価格※>【店舗受取限定】 E-bike イーバイク,198000,213840
サイクルスポット,2018,ヤマハ YPJ-R〔PW70BGRx8J〕電動自転車【2018年モデル】ロードバイク ワイピージェーアール,218500,235980
サイクルスポット,2018,パナソニック XU1〔BE-EXU44〕電動自転車  E-bike イーバイク【2018年モデル】【店舗受取限定】,225000,243000
サイクルスポット,0000,ベスビー JF1 電動自転車(広尾店・渋谷店・都立大学店・麻布十番店・三田店・四谷店受取限定品),230000,248400
サイクルスポット,2018,【ヘルメットプレゼント中!】ベネリbenelli TAGETE27.5 2018model 電動自転車 マウンテンバイク【店舗受取限定】E-bike イーバイク,238000,257040
サイクルスポット,2018,YPJ-EC 電動自転車〔PW70AECx8J〕【2018年モデル】【店頭受取限定】,247000,266760
サイクルスポット,0000,CRUISE(クルーズ) クロスバイク 電動自転車  E-bike イーバイク(シマノSTEPS)【店頭受取限定】,269000,290520
サイクルスポット,0000,ベスビー JR1 電動自転車(広尾店・渋谷店・都立大学店・麻布十番店・三田店・四谷店受取限定品),276000,298080
サイクルスポット,0000,【予約品】PS1 ADV 電動自転車 ベスビー<等々力店・広尾店・渋谷店・都立大学店・麻布十番店・三田店・四谷店受取限定品>,276000,298080
サイクルスポット,2018,【ヘルメットプレゼント中!】ベネリ benelli NERONE 27.5+ 2018 電動自転車 マウンテンバイク 【店舗受取限定】E-bike イーバイク,278000,300240
サイクルスポット,2018,YPJ-TC 電動自転車〔PW70ATCx8J〕【2018年モデル】【店頭受取限定】,285000,307800
サイクルスポット,2018,コラテック イーパワーシェイプ corratec E-POWER SHAPE 電動自転車 クロスバイク E-BIKE【2018年モデル】 【店頭受取限定】,298000,321840
サイクルスポット,2018,ヤマハ YPJ-ER ロードバイク 電動自転車 イーバイク e-bike 2018年モデル 【店頭受取限定】,304000,328320
サイクルスポット,2019,ルイガノ ASCENT e-sports 2019 アセントイースポーツ イーバイク E-bike【店頭受取限定】,330000,356400
サイクルスポット,0000,【予約品】パナソニック XM1 電動アシストマウンテンバイク BE-EXM40 エックスエムワン E-bike イーバイク,330000,356400
サイクルスポット,2018,YPJ-XC 電動自転車〔PB27AXCx8J〕【2018年モデル】【店頭受取限定】,332500,359100
サイクルスポット,0000,RIDGE-RUNNER(リッジランナー) マウンテンバイク 電動自転車 E-bike イーバイク (シマノSTEPS)【店頭受取限定】,369000,398520
サイクルスポット,2018,パナソニック XM2〔BE-EWM40〕電動自転車 E-bike イーバイク【2018年モデル】【店舗受取限定】,380000,410400
サイクルスポット,0000,MIZUTANI Seraph セラフ 電動自転車 クロスバイク【店頭受取限定】,380000,410400
サイクルスポット,0000,DAVOS E-600 クロスバイク 電動自転車 E-BIKE イーバイク【店頭受取限定】,430000,464400
サイクルスポット,0000,【予約品】TRS1 電動自転車 ベスビー<広尾店・渋谷店・都立大学店・麻布十番店・三田店・四谷店受取限定品>【お取り寄せ】,462000,498960
