BESV,,CF1 LENA,,,\n,2018,/cf1[\s・]?lena/ius,\n,24,,マットブラック,155556,36,7,21.5,80,65,50,内装3段,\n,\n,\n,クラス27標準装備,低床,前輪駆動,20181216
BESV,,CF1 LENA,,,\n,2018,/cf1[\s・]?lena/ius,\n,24,,マットネイビー,155556,36,7,21.5,80,65,50,内装3段,\n,\n,\n,クラス27標準装備,低床,前輪駆動,20181216
BESV,,CF1 LENA,,,\n,2018,/cf1[\s・]?lena/ius,\n,24,,ホワイト,155556,36,7,21.5,80,65,50,内装3段,\n,\n,\n,クラス27標準装備,低床,前輪駆動,20181216
BESV,,CF1 LENA for MAMA,,,\n,2018,/cf1[\s・]?lena[\s・]?for[\s・]mama/ius,\n,24,24×2,ホワイト,168000,36,7,21.5,80,65,50,内装3段,142,\n,\n,クラス27標準装備,低床,前輪駆動,20181216
BESV,,CF1 LENA for MAMA,,,\n,2018,/cf1[\s・]?lena[\s・]?for[\s・]mama/ius,\n,24,24×2,マットブラック,168000,36,7,21.5,80,65,50,内装3段,142,\n,\n,クラス27標準装備,低床,前輪駆動,20181216
BESV,,CF1 LENA for MAMA,,,\n,2018,/cf1[\s・]?lena[\s・]?for[\s・]mama/ius,\n,24,24×2,マットネイビー,168000,36,7,21.5,80,65,50,内装3段,142,\n,\n,クラス27標準装備,低床,前輪駆動,20181216
BESV,,PSA1,,,\n,2018,/psa1/ius,\n,20,,ホワイト,185000,36,10.5,19.5,90,\n,\n,外装7段,\n,\n,\n,装着可能,,,20181216
BESV,,PSA1,,,\n,2018,/psa1/ius,\n,20,,レッド,185000,36,10.5,19.5,90,\n,\n,外装7段,\n,\n,\n,装着可能,,,20181216
BESV,,PSA1,,,\n,2018,/psa1/ius,\n,20,,イエロー,185000,36,10.5,19.5,90,\n,\n,外装7段,\n,\n,\n,装着可能,,,20181216
BESV,,PSA1,,,\n,2018,/psa1/ius,\n,20,,マットブラック,185000,36,10.5,19.5,90,\n,\n,外装7段,\n,\n,\n,装着可能,,,20181216
EISAN,,BENERO20,,,\n,\n,/benero[\s・]20/ius,\n,20,20x1.75,ブラック,,25,6,25,\n,\n,20,外装6段,\n,\n,765,クラス27標準装備,低床,,20181216
EISAN,,BENERO20,,,\n,\n,/benero[\s・]20/ius,\n,20,20x1.75,ホワイト,,25,6,25,\n,\n,20,外装6段,\n,\n,765,クラス27標準装備,低床,,20181216
EISAN,,BENERO203,,,\n,\n,/benero[\s・]203/ius,\n,20,20×2.125,パールホワイト,,25,8.4,23,36,31,23,内装3段,\n,\n,765,クラス27標準装備,低床,前輪駆動,20181216
EISAN,,BENERO203,,,\n,\n,/benero[\s・]203/ius,\n,20,20×2.125,マットブラック,,25,8.4,23,36,31,23,内装3段,\n,\n,765,クラス27標準装備,低床,前輪駆動,20181216
EISAN,,BENERO203,,,\n,\n,/benero[\s・]203/ius,\n,20,20×2.125,レッド,,25,8.4,23,36,31,23,内装3段,\n,\n,765,クラス27標準装備,低床,前輪駆動,20181216
EISAN,,BENERO26,,,\n,\n,/benero[\s・]26/ius,\n,26,26×1-3/8,ホワイト,,25,6,27,\n,\n,20,外装6段,143,\n,795,クラス27標準装備,低床,,20181216
EISAN,,BENERO26,,,\n,\n,/benero[\s・]26/ius,\n,26,26×1-3/8,ブルー,,25,6,27,\n,\n,20,外装6段,143,\n,795,クラス27標準装備,低床,,20181216
EISAN,,BENERO26,,,\n,\n,/benero[\s・]26/ius,\n,26,26×1-3/8,レッド,,25,6,27,\n,\n,20,外装6段,143,\n,795,クラス27標準装備,低床,,20181216
EISAN,,BENERO26,,,\n,\n,/benero[\s・]26/ius,\n,26,26×1-3/8,グリーン,,25,6,27,\n,\n,20,外装6段,143,\n,795,クラス27標準装備,低床,,20181216
EISAN,,BENERO26,,,\n,\n,/benero[\s・]26/ius,\n,26,26×1-3/8,ブラック,,25,6,27,\n,\n,20,外装6段,143,\n,795,クラス27標準装備,低床,,20181216
LOUIS GARNEAU,ASCENT,ASCENT city,,,\n,2019,/ascent[\s・]city/ius,\n,26,26×1.90,LGホワイト,145800,\n,12.3,22.4,88,\n,\n,内装3段,137,\n,\n,クラス27取付可,,,20181216
LOUIS GARNEAU,ASCENT,ASCENT city,,,\n,2019,/ascent[\s・]city/ius,\n,26,26×1.90,マットブラック,145800,\n,12.3,22.4,88,\n,\n,内装3段,137,\n,\n,クラス27取付可,,,20181216
LOUIS GARNEAU,ASCENT,ASCENT city,,,\n,2019,/ascent[\s・]city/ius,\n,26,26×1.90,LGレッド,145800,\n,12.3,22.4,88,\n,\n,内装3段,137,\n,\n,クラス27取付可,,,20181216
LOUIS GARNEAU,ASCENT,ASCENT city,,,\n,2019,/ascent[\s・]city/ius,\n,26,26×1.90,ディープオレンジ,145800,\n,12.3,22.4,88,\n,\n,内装3段,137,\n,\n,クラス27取付可,,,20181216
LOUIS GARNEAU,ASCENT,ASCENT city,,,\n,2019,/ascent[\s・]city/ius,\n,26,26×1.90,オーシャンブルー,145800,\n,12.3,22.4,88,\n,\n,内装3段,137,\n,\n,クラス27取付可,,,20181216
LOUIS GARNEAU,ASCENT,ASCENT deluxe,,,\n,2019,/ascent[\s・]deluxe/ius,\n,20,20×1.95/20×2.125,LGホワイト,162000,\n,12.3,29.8,61,\n,\n,内装3段,135,\n,\n,クラス27標準装備,低床,,20181216
LOUIS GARNEAU,ASCENT,ASCENT deluxe,,,\n,2019,/ascent[\s・]deluxe/ius,\n,20,20×1.95/20×2.125,マットブラック,162000,\n,12.3,29.8,61,\n,\n,内装3段,135,\n,\n,クラス27標準装備,低床,,20181216
LOUIS GARNEAU,ASCENT,ASCENT deluxe,,,\n,2019,/ascent[\s・]deluxe/ius,\n,20,20×1.95/20×2.125,アンティークピンク,162000,\n,12.3,29.8,61,\n,\n,内装3段,135,\n,\n,クラス27標準装備,低床,,20181216
LOUIS GARNEAU,ASCENT,ASCENT deluxe,,,\n,2019,/ascent[\s・]deluxe/ius,\n,20,20×1.95/20×2.125,スモークブルー,162000,\n,12.3,29.8,61,\n,\n,内装3段,135,\n,\n,クラス27標準装備,低床,,20181216
LOUIS GARNEAU,ASCENT,ASCENT mini,,,\n,2019,/ascent[\s・]mini/ius,\n,20/18,20×1.95/18×2.125,LGホワイト,139320,\n,12.3,24.2,77,\n,\n,内装3段,135,\n,\n,標準装備,低床,,20181216
LOUIS GARNEAU,ASCENT,ASCENT mini,,,\n,2019,/ascent[\s・]mini/ius,\n,20/18,20×1.95/18×2.125,マットカーキ,139320,\n,12.3,24.2,77,\n,\n,内装3段,135,\n,\n,標準装備,低床,,20181216
LOUIS GARNEAU,ASCENT,ASCENT mini,,,\n,2019,/ascent[\s・]mini/ius,\n,20/18,20×1.95/18×2.125,ディープオレンジ,139320,\n,12.3,24.2,77,\n,\n,内装3段,135,\n,\n,標準装備,低床,,20181216
LOUIS GARNEAU,ASCENT,ASCENT mini,,,\n,2019,/ascent[\s・]mini/ius,\n,20/18,20×1.95/18×2.125,ライラック,139320,\n,12.3,24.2,77,\n,\n,内装3段,135,\n,\n,標準装備,低床,,20181216
カイホウ,SUISUI,BM-A30,,,\n,\n,/bm-a30/ius,\n,20,,ブラック,,24,5.8,18.5,30,\n,\n,外装６段,\n,\n,740,,,,20181216
カイホウ,SUISUI,BM-A30,,,\n,\n,/bm-a30/ius,\n,20,,ホワイト,,24,5.8,18.5,30,\n,\n,外装６段,\n,\n,740,,,,20181216
カイホウ,SUISUI,BM-E50,,,\n,\n,/bm-e50/ius,\n,20,,ネイビー,,24,5.8,18.5,30,\n,\n,,\n,\n,815,,,,20181216
カイホウ,SUISUI,BM-P10,,,\n,\n,/bm-p10/ius,\n,26,,ホワイト,,24,5.8,25.4,35,\n,\n,内装3段,\n,\n,800,クラス27標準装備,低床,前輪駆動,20181216
カイホウ,SUISUI,BM-P10,,,\n,\n,/bm-p10/ius,\n,26,,ネイビー,,24,5.8,25.4,35,\n,\n,内装3段,\n,\n,800,クラス27標準装備,低床,前輪駆動,20181216
パナソニック,ギュット,ギュット・アニーズ・DX,,BE-ELAD03,20181101,2019,/ギュット[\s・]?アニーズ[\s・][dＤ][xＸ]/iu,\n,20,20×2.125 HE,マットジェットブラック,139800,25.2,16,34,80,60,50,内装3段,142,155,735,クラス27標準装備,低床,,20181216
パナソニック,ギュット,ギュット・アニーズ・DX,,BE-ELAD03,20181101,2019,/ギュット[\s・]?アニーズ[\s・][dＤ][xＸ]/iu,\n,20,20×2.125 HE,オフホワイト,139800,25.2,16,34,80,60,50,内装3段,142,155,735,クラス27標準装備,低床,,20181216
パナソニック,ギュット,ギュット・アニーズ・DX,,BE-ELAD03,20181101,2019,/ギュット[\s・]?アニーズ[\s・][dＤ][xＸ]/iu,\n,20,20×2.125 HE,マットオリーブ,139800,25.2,16,34,80,60,50,内装3段,142,155,735,クラス27標準装備,低床,,20181216
パナソニック,ギュット,ギュット・アニーズ・DX,,BE-ELAD03,20181101,2019,/ギュット[\s・]?アニーズ[\s・][dＤ][xＸ]/iu,\n,20,20×2.125 HE,マットネイビー,139800,25.2,16,34,80,60,50,内装3段,142,155,735,クラス27標準装備,低床,,20181216
パナソニック,ギュット,ギュット・アニーズ・DX,,BE-ELAD03,20181101,2019,/ギュット[\s・]?アニーズ[\s・][dＤ][xＸ]/iu,\n,20,20×2.125 HE,マットブルーグレー,139800,25.2,16,34,80,60,50,内装3段,142,155,735,クラス27標準装備,低床,,20181216
パナソニック,ギュット,ギュット・アニーズ・DX,,BE-ELAD03,20181101,2019,/ギュット[\s・]?アニーズ[\s・][dＤ][xＸ]/iu,\n,20,20×2.125 HE,マットハニー,139800,25.2,16,34,80,60,50,内装3段,142,155,735,クラス27標準装備,低床,,20181216
パナソニック,ギュット,ギュット･アニーズ・DX・26,,BE-ELAD63,20181101,2019,/ギュット[\s・]?アニーズ[\s・][dＤ][xＸ][\s・]26/ius,\n,26,26×1.75 HE,マットジェットブラック,139800,25.2,16,34.1,96,70,60,内装3段,146,162,765,クラス27標準装備,,,20181216
パナソニック,ギュット,ギュット･アニーズ・DX・26,,BE-ELAD63,20181101,2019,/ギュット[\s・]?アニーズ[\s・][dＤ][xＸ][\s・]26/ius,\n,26,26×1.75 HE,オフホワイト,139800,25.2,16,34.1,96,70,60,内装3段,146,162,765,クラス27標準装備,,,20181216
パナソニック,ギュット,ギュット･アニーズ・DX・26,,BE-ELAD63,20181101,2019,/ギュット[\s・]?アニーズ[\s・][dＤ][xＸ][\s・]26/ius,\n,26,26×1.75 HE,マットオリーブ,139800,25.2,16,34.1,96,70,60,内装3段,146,162,765,クラス27標準装備,,,20181216
パナソニック,ギュット,ギュット･アニーズ・DX・26,,BE-ELAD63,20181101,2019,/ギュット[\s・]?アニーズ[\s・][dＤ][xＸ][\s・]26/ius,\n,26,26×1.75 HE,マットネイビー,139800,25.2,16,34.1,96,70,60,内装3段,146,162,765,クラス27標準装備,,,20181216
パナソニック,ギュット,ギュット・アニーズ・EX,,BE-ELAE033,20181101,2019,/ギュット[\s・]?アニーズ[\s・][eＥ][xＸ]/iu,\n,20,20×2.125 HE,マットジェットブラック,158800,25.2,16,34.3,80,60,50,内装3段,142,155,735,クラス27標準装備,低床,,20181216
パナソニック,ギュット,ギュット・アニーズ・EX,,BE-ELAE033,20181101,2019,/ギュット[\s・]?アニーズ[\s・][eＥ][xＸ]/iu,\n,20,20×2.125 HE,オフホワイト,158800,25.2,16,34.3,80,60,50,内装3段,142,155,735,クラス27標準装備,低床,,20181216
パナソニック,ギュット,ギュット・アニーズ・EX,,BE-ELAE033,20181101,2019,/ギュット[\s・]?アニーズ[\s・][eＥ][xＸ]/iu,\n,20,20×2.125 HE,マットオリーブ,158800,25.2,16,34.3,80,60,50,内装3段,142,155,735,クラス27標準装備,低床,,20181216
パナソニック,ギュット,ギュット・アニーズ・EX,,BE-ELAE033,20181101,2019,/ギュット[\s・]?アニーズ[\s・][eＥ][xＸ]/iu,\n,20,20×2.125 HE,ブリックレッド,158800,25.2,16,34.3,80,60,50,内装3段,142,155,735,クラス27標準装備,低床,,20181216
パナソニック,ギュット,ギュット・アニーズ・EX,,BE-ELAE033,20181101,2019,/ギュット[\s・]?アニーズ[\s・][eＥ][xＸ]/iu,\n,20,20×2.125 HE,マットネイビー,158800,25.2,16,34.3,80,60,50,内装3段,142,155,735,クラス27標準装備,低床,,20181216
パナソニック,ギュット,ギュット・アニーズ・KE,,BE-ELKE03,\n,2018,/ギュット[\s・]?アニーズ[\s・][kＫ][eＥ]/ius,\n,20,20×2.125HE,マットジェットブラック,198000,25.2,20,35.1,100,76,63,内装3段,142,155,735,クラス27標準装備,低床,,20181216
パナソニック,ギュット,ギュット・アニーズ・KE,,BE-ELKE03,\n,2018,/ギュット[\s・]?アニーズ[\s・][kＫ][eＥ]/ius,\n,20,20×2.125HE,ホワイトグレー,198000,25.2,20,35.1,100,76,63,内装3段,142,155,735,クラス27標準装備,低床,,20181216
パナソニック,ギュット,ギュット・アニーズ・KE,,BE-ELKE03,\n,2018,/ギュット[\s・]?アニーズ[\s・][kＫ][eＥ]/ius,\n,20,20×2.125HE,マットオリーブ,198000,25.2,20,35.1,100,76,63,内装3段,142,155,735,クラス27標準装備,低床,,20181216
パナソニック,ギュット,ギュット・アニーズ・KE,,BE-ELKE03,\n,2018,/ギュット[\s・]?アニーズ[\s・][kＫ][eＥ]/ius,\n,20,20×2.125HE,マットフォースブラウン,198000,25.2,20,35.1,100,76,63,内装3段,142,155,735,クラス27標準装備,低床,,20181216
パナソニック,ギュット,ギュット・アニーズ・SX,,BE-ELAS03,20181101,2019,/ギュット[\s・]?アニーズ[\s・][sＳ][xＸ]/ius,\n,20,20×2.125 HE,マットジェットブラック,134800,25.2,12,33.2,60,45,37,内装3段,142,155,735,クラス27標準装備,低床,,20181216
パナソニック,ギュット,ギュット・アニーズ・SX,,BE-ELAS03,20181101,2019,/ギュット[\s・]?アニーズ[\s・][sＳ][xＸ]/ius,\n,20,20×2.125 HE,オフホワイト,134800,25.2,12,33.2,60,45,37,内装3段,142,155,735,クラス27標準装備,低床,,20181216
パナソニック,ギュット,ギュット・アニーズ・SX,,BE-ELAS03,20181101,2019,/ギュット[\s・]?アニーズ[\s・][sＳ][xＸ]/ius,\n,20,20×2.125 HE,マットオリーブ,134800,25.2,12,33.2,60,45,37,内装3段,142,155,735,クラス27標準装備,低床,,20181216
パナソニック,ギュット,ギュット・アニーズ・SX,,BE-ELAS03,20181101,2019,/ギュット[\s・]?アニーズ[\s・][sＳ][xＸ]/ius,\n,20,20×2.125 HE,マットネイビー,134800,25.2,12,33.2,60,45,37,内装3段,142,155,735,クラス27標準装備,低床,,20181216
パナソニック,ギュット,ギュット・アニーズ・SX,,BE-ELAS03,20181101,2019,/ギュット[\s・]?アニーズ[\s・][sＳ][xＸ]/ius,\n,20,20×2.125 HE,マットブルーグレー,134800,25.2,12,33.2,60,45,37,内装3段,142,155,735,クラス27標準装備,低床,,20181216
パナソニック,ギュット,ギュット・アニーズ・SX,,BE-ELAS03,20181101,2019,/ギュット[\s・]?アニーズ[\s・][sＳ][xＸ]/ius,\n,20,20×2.125 HE,マットハニー,134800,25.2,12,33.2,60,45,37,内装3段,142,155,735,クラス27標準装備,低床,,20181216
パナソニック,ギュット,ギュット・クルーム・DX,,BE-ELFD03,20181203,2019,/ギュット[\s・]?クルーム[\s・][dＤ][xＸ]/ius,\n,20,20×1.95HE,グレイッシュレディブルー,149800,25.2,16,32.2,80,60,50,内装3段,\n,\n,\n,クラス27標準装備,低床,,20181216
パナソニック,ギュット,ギュット・クルーム・DX,,BE-ELFD03,20181203,2019,/ギュット[\s・]?クルーム[\s・][dＤ][xＸ]/ius,\n,20,20×1.95HE,マットオリーブ,149800,25.2,16,32.2,80,60,50,内装3段,\n,\n,\n,クラス27標準装備,低床,,20181216
パナソニック,ギュット,ギュット・クルーム・DX,,BE-ELFD03,20181203,2019,/ギュット[\s・]?クルーム[\s・][dＤ][xＸ]/ius,\n,20,20×1.95HE,モダングレー,149800,25.2,16,32.2,80,60,50,内装3段,\n,\n,\n,クラス27標準装備,低床,,20181216
パナソニック,ギュット,ギュット・クルーム・DX,,BE-ELFD03,20181203,2019,/ギュット[\s・]?クルーム[\s・][dＤ][xＸ]/ius,\n,20,20×1.95HE,マットディープグレー,149800,25.2,16,32.2,80,60,50,内装3段,\n,\n,\n,クラス27標準装備,低床,,20181216
パナソニック,ギュット,ギュット・クルーム・DX,,BE-ELFD03,20181203,2019,/ギュット[\s・]?クルーム[\s・][dＤ][xＸ]/ius,\n,20,20×1.95HE,シアースカーレット,149800,25.2,16,32.2,80,60,50,内装3段,\n,\n,\n,クラス27標準装備,低床,,20181216
パナソニック,ギュット,ギュット・クルーム・DX,,BE-ELFD03,20181203,2019,/ギュット[\s・]?クルーム[\s・][dＤ][xＸ]/ius,\n,20,20×1.95HE,マットネイビー,149800,25.2,16,32.2,80,60,50,内装3段,\n,\n,\n,クラス27標準装備,低床,,20181216
パナソニック,ギュット,ギュット・クルーム・EX,,BE-ELFE03,20181203,2019,/ギュット[\s・]?クルーム[\s・][eＥ][xＸ]/ius,\n,20,20×1.95HE,シアースカーレット,165800,25.2,16,32.7,80,60,50,内装3段,\n,\n,\n,クラス27標準装備,低床,,20181216
パナソニック,ギュット,ギュット・クルーム・EX,,BE-ELFE03,20181203,2019,/ギュット[\s・]?クルーム[\s・][eＥ][xＸ]/ius,\n,20,20×1.95HE,マットディープグレー,165800,25.2,16,32.7,80,60,50,内装3段,\n,\n,\n,クラス27標準装備,低床,,20181216
パナソニック,ギュット,ギュット・クルーム・EX,,BE-ELFE03,20181203,2019,/ギュット[\s・]?クルーム[\s・][eＥ][xＸ]/ius,\n,20,20×1.95HE,マットネイビー,165800,25.2,16,32.7,80,60,50,内装3段,\n,\n,\n,クラス27標準装備,低床,,20181216
パナソニック,ギュット,ギュット・クルーム・EX,,BE-ELFE03,20181203,2019,/ギュット[\s・]?クルーム[\s・][eＥ][xＸ]/ius,\n,20,20×1.95HE,グレイッシュレディ,165800,25.2,16,32.7,80,60,50,内装3段,\n,\n,\n,クラス27標準装備,低床,,20181216
パナソニック,ギュット,ギュット・クルーム・EX,,BE-ELFE03,20181203,2019,/ギュット[\s・]?クルーム[\s・][eＥ][xＸ]/ius,\n,20,20×1.95HE,ブルー,165800,25.2,16,32.7,80,60,50,内装3段,\n,\n,\n,クラス27標準装備,低床,,20181216
パナソニック,ギュット,ギュット・クルーム・EX,,BE-ELFE03,20181203,2019,/ギュット[\s・]?クルーム[\s・][eＥ][xＸ]/ius,\n,20,20×1.95HE,マットハニー,165800,25.2,16,32.7,80,60,50,内装3段,\n,\n,\n,クラス27標準装備,低床,,20181216
パナソニック,ギュット,ギュット・ステージ・22,,BE-ELMU232,\n,2018,/ギュット[\s・]?ステージ[\s・]22/ius,\n,22,22×1-1/2 WO,ホワイトグレー,124000,25.2,12,29.2,70,52,40,内装3段,145,159,740,クラス27標準装備,低床,,20181216
パナソニック,ギュット,ギュット・ステージ・22,,BE-ELMU232,\n,2018,/ギュット[\s・]?ステージ[\s・]22/ius,\n,22,22×1-1/2 WO,マットカーキグリーン,124000,25.2,12,29.2,70,52,40,内装3段,145,159,740,クラス27標準装備,低床,,20181216
パナソニック,ギュット,ギュット・ステージ・22,,BE-ELMU232,\n,2018,/ギュット[\s・]?ステージ[\s・]22/ius,\n,22,22×1-1/2 WO,マットブラッドオレンジ,124000,25.2,12,29.2,70,52,40,内装3段,145,159,740,クラス27標準装備,低床,,20181216
パナソニック,ギュット,ギュット・ミニ・DX,,BE-ELMD034,\n,2018,/ギュット[\s・]?ミニ[\s・]?[dＤ][xＸ]/ius,\n,20,20×2.0HE,マットブラック,142000,25.2,16,33.3,80,60,50,内装3段,141,154,725,クラス27標準装備,低床,,20181216
パナソニック,ギュット,ギュット・ミニ・DX,,BE-ELMD034,\n,2018,/ギュット[\s・]?ミニ[\s・]?[dＤ][xＸ]/ius,\n,20,20×2.0HE,マットダークグリーン,142000,25.2,16,33.3,80,60,50,内装3段,141,154,725,クラス27標準装備,低床,,20181216
パナソニック,ギュット,ギュット・ミニ・DX,,BE-ELMD034,\n,2018,/ギュット[\s・]?ミニ[\s・]?[dＤ][xＸ]/ius,\n,20,20×2.0HE,ロイヤルレッド,142000,25.2,16,33.3,80,60,50,内装3段,141,154,725,クラス27標準装備,低床,,20181216
パナソニック,ギュット,ギュット・ミニ・DX,,BE-ELMD034,\n,2018,/ギュット[\s・]?ミニ[\s・]?[dＤ][xＸ]/ius,\n,20,20×2.0HE,マットブルーグレー,142000,25.2,16,33.3,80,60,50,内装3段,141,154,725,クラス27標準装備,低床,,20181216
パナソニック,ギュット,ギュット・ミニ・DX,,BE-ELMD034,\n,2018,/ギュット[\s・]?ミニ[\s・]?[dＤ][xＸ]/ius,\n,20,20×2.0HE,マットネイビー,142000,25.2,16,33.3,80,60,50,内装3段,141,154,725,クラス27標準装備,低床,,20181216
パナソニック,ギュット,ギュット・ミニ・DX,,BE-ELMD034,\n,2018,/ギュット[\s・]?ミニ[\s・]?[dＤ][xＸ]/ius,\n,20,20×2.0HE,パウダーイエロー,142000,25.2,16,33.3,80,60,50,内装3段,141,154,725,クラス27標準装備,低床,,20181216
パナソニック,ギュット,ギュット・ミニ・KD,,BE-ELM032,\n,2018,/ギュット[\s・]?ミニ[\s・]?[kＫ][dＤ]/ius,\n,20,20×2.0HE,マットブラック,158000,25.2,16,33.8,80,60,50,内装3段,141,154,725,クラス27標準装備,低床,,20181216
パナソニック,ギュット,ギュット・ミニ・KD,,BE-ELM032,\n,2018,/ギュット[\s・]?ミニ[\s・]?[kＫ][dＤ]/ius,\n,20,20×2.0HE,マットダークグリーン,158000,25.2,16,33.8,80,60,50,内装3段,141,154,725,クラス27標準装備,低床,,20181216
パナソニック,ギュット,ギュット・ミニ・KD,,BE-ELM032,\n,2018,/ギュット[\s・]?ミニ[\s・]?[kＫ][dＤ]/ius,\n,20,20×2.0HE,ミスティグリーン,158000,25.2,16,33.8,80,60,50,内装3段,141,154,725,クラス27標準装備,低床,,20181216
パナソニック,ギュット,ギュット・ミニ・KD,,BE-ELM032,\n,2018,/ギュット[\s・]?ミニ[\s・]?[kＫ][dＤ]/ius,\n,20,20×2.0HE,マットマロンベージュ,158000,25.2,16,33.8,80,60,50,内装3段,141,154,725,クラス27標準装備,低床,,20181216
パナソニック,ギュット,ギュット・ミニ・KD,,BE-ELM032,\n,2018,/ギュット[\s・]?ミニ[\s・]?[kＫ][dＤ]/ius,\n,20,20×2.0HE,マットネイビー,158000,25.2,16,33.8,80,60,50,内装3段,141,154,725,クラス27標準装備,低床,,20181216
パナソニック,ティモ,ティモ・DX,,BE-ELDT754,\n,2018,/ティモ[\s・]?dx/ius,\n,27,27×1-3/8WO,ピュアブラック,115000,25.2,16,29,78,60,49,内装5段,149,\n,790,標準装備,,,20181216
パナソニック,ティモ,ティモ・DX,,BE-ELDT754,\n,2018,/ティモ[\s・]?dx/ius,\n,27,27×1-3/8WO,フレアレッドパール,115000,25.2,16,29,78,60,49,内装5段,149,\n,790,標準装備,,,20181216
パナソニック,ティモ,ティモ・DX,,BE-ELDT754,\n,2018,/ティモ[\s・]?dx/ius,\n,27,27×1-3/8WO,モダンシルバー,115000,25.2,16,29,78,60,49,内装5段,149,\n,790,標準装備,,,20181216
パナソニック,ティモ,ティモ・DX,,BE-ELDT754,\n,2018,/ティモ[\s・]?dx/ius,\n,27,27×1-3/8WO,USブルー,115000,25.2,16,29,78,60,49,内装5段,149,\n,790,標準装備,,,20181216
パナソニック,ティモ,ティモ・EX,,BE-ELET754,\n,2018,/ティモ[\s・]?ex/ius,\n,27,27×1-3/8WO,マットブラック,137000,25.2,20,29.7,100,76,62,内装5段,149,\n,790,標準装備,,,20181216
パナソニック,ティモ,ティモ・EX,,BE-ELET754,\n,2018,/ティモ[\s・]?ex/ius,\n,27,27×1-3/8WO,メタリックグレー,137000,25.2,20,29.7,100,76,62,内装5段,149,\n,790,標準装備,,,20181216
パナソニック,ティモ,ティモ・EX,,BE-ELET754,\n,2018,/ティモ[\s・]?ex/ius,\n,27,27×1-3/8WO,インディゴブルーメタリック,137000,25.2,20,29.7,100,76,62,内装5段,149,\n,790,標準装備,,,20181216
パナソニック,ティモ,ティモ・I,,BE-ELTA63,\n,2018,/ティモ[\s・]?i/ius,\n,26,26×1-3/8WO,オフホワイト,112000,25.2,12,29,75,53,44,内装3段,141,\n,740,クラス27標準装備,,,20181216
パナソニック,ティモ,ティモ・I,,BE-ELTA63,\n,2018,/ティモ[\s・]?i/ius,\n,26,26×1-3/8WO,マッドミスティグリーン,112000,25.2,12,29,75,53,44,内装3段,141,\n,740,クラス27標準装備,,,20181216
パナソニック,ティモ,ティモ・I,,BE-ELTA63,\n,2018,/ティモ[\s・]?i/ius,\n,26,26×1-3/8WO,シェルピンク,112000,25.2,12,29,75,53,44,内装3段,141,\n,740,クラス27標準装備,,,20181216
パナソニック,ティモ,ティモ・I,,BE-ELTA63,\n,2018,/ティモ[\s・]?i/ius,\n,26,26×1-3/8WO,マットディープグレー,112000,25.2,12,29,75,53,44,内装3段,141,\n,740,クラス27標準装備,,,20181216
パナソニック,ティモ,ティモ・S,,BE-ELST633,\n,2018,/ティモ[\s・]?s/ius,\n,26,26×1.75HE,マットジェットブラック,117000,25.2,16,27.9,100,70,59,内装3段,150,\n,810,クラス27標準装備,,,20181216
パナソニック,ティモ,ティモ・S,,BE-ELST633,\n,2018,/ティモ[\s・]?s/ius,\n,26,26×1.75HE,マットオリーブ,117000,25.2,16,27.9,100,70,59,内装3段,150,\n,\n,,,,20181216
パナソニック,ティモ,ティモ・S,,BE-ELST633,\n,2018,/ティモ[\s・]?s/ius,\n,26,26×1.75HE,ラセットオレンジ,117000,25.2,16,27.9,100,70,59,内装3段,150,\n,\n,,,,20181216
パナソニック,ティモ,ティモ・S,,BE-ELST633,\n,2018,/ティモ[\s・]?s/ius,\n,26,26×1.75HE,マットネイビー,117000,25.2,16,27.9,100,70,59,内装3段,150,\n,\n,,,,20181216
パナソニック,ティモ,ティモ・W,,BE-ELWD632,\n,2018,/ティモ[\s・]?w/ius,\n,26,26×1-3/8 WO,ピュアブラック,91000,25.2,6.6,28.3,42,30,26,内装3段,141,\n,740,クラス27標準装備,,,20181216
パナソニック,ティモ,ティモ・W,,BE-ELWD632,\n,2018,/ティモ[\s・]?w/ius,\n,26,26×1-3/8 WO,アクティブホワイト,91000,25.2,6.6,28.3,42,30,26,内装3段,141,\n,740,クラス27標準装備,,,20181216
パナソニック,ティモ,ティモ・W,,BE-ELWD632,\n,2018,/ティモ[\s・]?w/ius,\n,26,26×1-3/8 WO,クラシカルレッド,91000,25.2,6.6,28.3,42,30,26,内装3段,141,\n,740,クラス27標準装備,,,20181216
パナソニック,ティモ,ティモ・W,,BE-ELWD632,\n,2018,/ティモ[\s・]?w/ius,\n,26,26×1-3/8 WO,ペールブルー,91000,25.2,6.6,28.3,42,30,26,内装3段,141,\n,740,クラス27標準装備,,,20181216
パナソニック,ビビ,ビビ・DX,,BE-ELD435,20181101,2019,/ビビ[\s・]?[dＤ][xＸ]/iu,\n,24,24×1-3/8 WO,オフホワイト,110800,25.2,16,28.2,100,70,59,内装3段,138,\n,710,クラス27標準装備,低床,,20181216
パナソニック,ビビ,ビビ・DX,,BE-ELD435,20181101,2019,/ビビ[\s・]?[dＤ][xＸ]/iu,\n,24,24×1-3/8 WO,アップルグリーン,110800,25.2,16,28.2,100,70,59,内装3段,138,\n,710,クラス27標準装備,低床,,20181216
パナソニック,ビビ,ビビ・DX,,BE-ELD435,20181101,2019,/ビビ[\s・]?[dＤ][xＸ]/iu,\n,24,24×1-3/8 WO,レッドジンジャー,110800,25.2,16,28.2,100,70,59,内装3段,138,\n,710,クラス27標準装備,低床,,20181216
パナソニック,ビビ,ビビ・DX,,BE-ELD435,20181101,2019,/ビビ[\s・]?[dＤ][xＸ]/iu,\n,24,24×1-3/8 WO,シャイニーシルバー,110800,25.2,16,28.2,100,70,59,内装3段,138,\n,710,クラス27標準装備,低床,,20181216
パナソニック,ビビ,ビビ・DX,,BE-ELD435,20181101,2019,/ビビ[\s・]?[dＤ][xＸ]/iu,\n,24,24×1-3/8 WO,ビターブラウン,110800,25.2,16,28.2,100,70,59,内装3段,138,\n,710,クラス27標準装備,低床,,20181216
パナソニック,ビビ,ビビ・DX,,BE-ELD435,20181101,2019,/ビビ[\s・]?[dＤ][xＸ]/iu,\n,24,24×1-3/8 WO,USブルー,110800,25.2,16,28.2,100,70,59,内装3段,138,\n,710,クラス27標準装備,低床,,20181216
パナソニック,ビビ,ビビ・DX,,BE-ELD635,20181101,2019,/ビビ[\s・]?[dＤ][xＸ]/iu,\n,26,26×1-3/8 WO,オフホワイト,110800,25.2,16,29.1,100,70,59,内装3段,141,\n,740,クラス27標準装備,低床,,20181216
パナソニック,ビビ,ビビ・DX,,BE-ELD635,20181101,2019,/ビビ[\s・]?[dＤ][xＸ]/iu,\n,26,26×1-3/8 WO,アップルグリーン,110800,25.2,16,29.1,100,70,59,内装3段,141,\n,740,クラス27標準装備,低床,,20181216
パナソニック,ビビ,ビビ・DX,,BE-ELD635,20181101,2019,/ビビ[\s・]?[dＤ][xＸ]/iu,\n,26,26×1-3/8 WO,レッドジンジャー,110800,25.2,16,29.1,100,70,59,内装3段,141,\n,740,クラス27標準装備,低床,,20181216
パナソニック,ビビ,ビビ・DX,,BE-ELD635,20181101,2019,/ビビ[\s・]?[dＤ][xＸ]/iu,\n,26,26×1-3/8 WO,シャイニーシルバー,110800,25.2,16,29.1,100,70,59,内装3段,141,\n,740,クラス27標準装備,低床,,20181216
パナソニック,ビビ,ビビ・DX,,BE-ELD635,20181101,2019,/ビビ[\s・]?[dＤ][xＸ]/iu,\n,26,26×1-3/8 WO,ビターブラウン,110800,25.2,16,29.1,100,70,59,内装3段,141,\n,740,クラス27標準装備,低床,,20181216
パナソニック,ビビ,ビビ・DX,,BE-ELD635,20181101,2019,/ビビ[\s・]?[dＤ][xＸ]/iu,\n,26,26×1-3/8 WO,USブルー,110800,25.2,16,29.1,100,70,59,内装3段,141,\n,740,クラス27標準装備,低床,,20181216
パナソニック,ビビ,ビビ・EX,,BE-ELE435,20181101,2019,/ビビ[\s・]?[eＥ][xＸ]/iu,\n,24,24×1-3/8 WO,ミスティグリーン,137800,25.2,16,29.5,100,70,59,内装3段,138,\n,710,クラス27標準装備,低床,,20181216
パナソニック,ビビ,ビビ・EX,,BE-ELE435,20181101,2019,/ビビ[\s・]?[eＥ][xＸ]/iu,\n,24,24×1-3/8 WO,マットルージュ,137800,25.2,16,29.5,100,70,59,内装3段,138,\n,710,クラス27標準装備,低床,,20181216
パナソニック,ビビ,ビビ・EX,,BE-ELE435,20181101,2019,/ビビ[\s・]?[eＥ][xＸ]/iu,\n,24,24×1-3/8 WO,チタンシルバー,137800,25.2,16,29.5,100,70,59,内装3段,138,\n,710,クラス27標準装備,低床,,20181216
パナソニック,ビビ,ビビ・EX,,BE-ELE435,20181101,2019,/ビビ[\s・]?[eＥ][xＸ]/iu,\n,24,24×1-3/8 WO,マットネイビー,137800,25.2,16,29.5,100,70,59,内装3段,138,\n,710,クラス27標準装備,低床,,20181216
パナソニック,ビビ,ビビ・EX,,BE-ELE635,20181101,2019,/ビビ[\s・]?[eＥ][xＸ]/iu,\n,26,26×1-3/8 WO,ミスティグリーン,137800,25.2,16,30.4,100,70,59,内装3段,141,\n,740,クラス27標準装備,低床,,20181216
パナソニック,ビビ,ビビ・EX,,BE-ELE635,20181101,2019,/ビビ[\s・]?[eＥ][xＸ]/iu,\n,26,26×1-3/8 WO,マットルージュ,137800,25.2,16,30.4,100,70,59,内装3段,141,\n,740,クラス27標準装備,低床,,20181216
パナソニック,ビビ,ビビ・EX,,BE-ELE635,20181101,2019,/ビビ[\s・]?[eＥ][xＸ]/iu,\n,26,26×1-3/8 WO,チタンシルバー,137800,25.2,16,30.4,100,70,59,内装3段,141,\n,740,クラス27標準装備,低床,,20181216
パナソニック,ビビ,ビビ・EX,,BE-ELE635,20181101,2019,/ビビ[\s・]?[eＥ][xＸ]/iu,\n,26,26×1-3/8 WO,マットネイビー,137800,25.2,16,30.4,100,70,59,内装3段,141,\n,740,クラス27標準装備,低床,,20181216
パナソニック,ビビ,ビビ・L,,BE-ELL43,20181101,2019,/ビビ[\s・]?[lＬ]/iu,\n,24,24×1-3/8 WO,ラセットオレンジ,108800,25.2,12,22.5,78,54,46,内装3段,139,\n,720,標準装備,低床,,20181216
パナソニック,ビビ,ビビ・L,,BE-ELL43,20181101,2019,/ビビ[\s・]?[lＬ]/iu,\n,24,24×1-3/8 WO,ウォームシルバー,108800,25.2,12,22.5,78,54,46,内装3段,139,\n,720,標準装備,低床,,20181216
パナソニック,ビビ,ビビ・L,,BE-ELL43,20181101,2019,/ビビ[\s・]?[lＬ]/iu,\n,24,24×1-3/8 WO,チョコブラウン,108800,25.2,12,22.5,78,54,46,内装3段,139,\n,720,標準装備,低床,,20181216
パナソニック,ビビ,ビビ・L,,BE-ELL43,20181101,2019,/ビビ[\s・]?[lＬ]/iu,\n,24,24×1-3/8 WO,ターコイズブルー,108800,25.2,12,22.5,78,54,46,内装3段,139,\n,720,標準装備,低床,,20181216
パナソニック,ビビ,ビビ・L,,BE-ELL63,20181101,2019,/ビビ[\s・]?[lＬ]/iu,\n,26,26×1-3/8 WO,ラセットオレンジ,108800,25.2,12,22.8,78,54,46,内装3段,140,\n,730,標準装備,低床,,20181216
パナソニック,ビビ,ビビ・L,,BE-ELL63,20181101,2019,/ビビ[\s・]?[lＬ]/iu,\n,26,26×1-3/8 WO,ウォームシルバー,108800,25.2,12,22.8,78,54,46,内装3段,140,\n,730,標準装備,低床,,20181216
パナソニック,ビビ,ビビ・L,,BE-ELL63,20181101,2019,/ビビ[\s・]?[lＬ]/iu,\n,26,26×1-3/8 WO,チョコブラウン,108800,25.2,12,22.8,78,54,46,内装3段,140,\n,730,標準装備,低床,,20181216
パナソニック,ビビ,ビビ・L,,BE-ELL63,20181101,2019,/ビビ[\s・]?[lＬ]/iu,\n,26,26×1-3/8 WO,ターコイズブルー,108800,25.2,12,22.8,78,54,46,内装3段,140,\n,730,標準装備,低床,,20181216
パナソニック,ビビ,ビビ・L・20,,BE-ELL03,20181101,2019,/ビビ[\s・]?[lＬ][\s・]20/iu,\n,20,20×1.75 HE,ラセットオレンジ,108800,25.2,12,21.7,70,53,45,内装3段,136,\n,690,標準装備,低床,,20181216
パナソニック,ビビ,ビビ・L・20,,BE-ELL03,20181101,2019,/ビビ[\s・]?[lＬ][\s・]20/iu,\n,20,20×1.75 HE,ウォームシルバー,108800,25.2,12,21.7,70,53,45,内装3段,136,\n,690,標準装備,低床,,20181216
パナソニック,ビビ,ビビ・L・20,,BE-ELL03,20181101,2019,/ビビ[\s・]?[lＬ][\s・]20/iu,\n,20,20×1.75 HE,チョコブラウン,108800,25.2,12,21.7,70,53,45,内装3段,136,\n,690,標準装備,低床,,20181216
パナソニック,ビビ,ビビ・SX,,BE-ELSX43,\n,2018,/ビビ[\s・]?[sＳ][xＸ]/iu,\n,24,24×1-3/8WO,マットブラック,85000,25.2,8,25.1,50,35,31,内装3段,138,\n,710,クラス27標準装備,低床,,20181216
パナソニック,ビビ,ビビ・SX,,BE-ELSX43,\n,2018,/ビビ[\s・]?[sＳ][xＸ]/iu,\n,24,24×1-3/8WO,ピスタチオ,85000,25.2,8,25.1,50,35,31,内装3段,138,\n,710,クラス27標準装備,低床,,20181216
パナソニック,ビビ,ビビ・SX,,BE-ELSX43,\n,2018,/ビビ[\s・]?[sＳ][xＸ]/iu,\n,24,24×1-3/8WO,モダンシルバー,85000,25.2,8,25.1,50,35,31,内装3段,138,\n,710,クラス27標準装備,低床,,20181216
パナソニック,ビビ,ビビ・SX,,BE-ELSX43,\n,2018,/ビビ[\s・]?[sＳ][xＸ]/iu,\n,24,24×1-3/8WO,チョコブラウン,85000,25.2,8,25.1,50,35,31,内装3段,138,\n,710,クラス27標準装備,低床,,20181216
パナソニック,ビビ,ビビ・SX,,BE-ELSX63,\n,2018,/ビビ[\s・]?[sＳ][xＸ]/iu,\n,26,26×1-3/8WO,マットブラック,85000,25.2,8,25.8,50,35,31,内装3段,141,\n,740,クラス27標準装備,低床,,20181216
パナソニック,ビビ,ビビ・SX,,BE-ELSX63,\n,2018,/ビビ[\s・]?[sＳ][xＸ]/iu,\n,26,26×1-3/8WO,ピスタチオ,85000,25.2,8,25.8,50,35,31,内装3段,141,\n,740,クラス27標準装備,低床,,20181216
パナソニック,ビビ,ビビ・SX,,BE-ELSX63,\n,2018,/ビビ[\s・]?[sＳ][xＸ]/iu,\n,26,26×1-3/8WO,モダンシルバー,85000,25.2,8,25.8,50,35,31,内装3段,141,\n,740,クラス27標準装備,低床,,20181216
パナソニック,ビビ,ビビ・SX,,BE-ELSX63,\n,2018,/ビビ[\s・]?[sＳ][xＸ]/iu,\n,26,26×1-3/8WO,チョコブラウン,85000,25.2,8,25.8,50,35,31,内装3段,141,\n,740,クラス27標準装備,低床,,20181216
パナソニック,ビビ,ビビ・TX,イオン限定,BE-3ELTX633,\n,2018-2019(継続),,\n,26,,オフホワイト,,25.2,8,25.8,50,35,31,内装3段,144,\n,\n,クラス27標準装備,低床,,20181216
パナソニック,ビビ,ビビ・TX,イオン限定,BE-3ELTX633,\n,2018-2019(継続),,\n,26,,ビターブラウン,,25.2,8,25.8,50,35,31,内装3段,144,\n,\n,クラス27標準装備,低床,,20181216
パナソニック,ビビ,ビビ・TX,イオン限定,BE-3ELTX633,\n,2018-2019(継続),,\n,26,,USブルー,,25.2,8,25.8,50,35,31,内装3段,144,\n,\n,クラス27標準装備,低床,,20181216
パナソニック,ビビ,ビビ・YX,,BE-ELYX43,\n,2018,/ビビ[\s・]?[yｙ][xＸ]/iu,\n,24,,プラズマグレー,オープン,25.2,8,24.3,50,35,31,内装3段,\n,\n,\n,,低床,,20181216
パナソニック,ビビ,ビビ・YX,,BE-ELYX63,\n,2018,/ビビ[\s・]?[yｙ][xＸ]/iu,\n,26,,プラズマグレー,オープン,25.2,8,24.7,50,35,31,内装3段,\n,\n,\n,,低床,,20181216
パナソニック,ビビ,ビビ・YX,,BE-ELYX63,\n,2018,/ビビ[\s・]?[yｙ][xＸ]/iu,\n,26,,スパークブラウン,オープン,25.2,8,24.7,50,35,31,内装3段,\n,\n,\n,,低床,,20181216
パナソニック,ビビ,ビビ・YX,,BE-ELYX63,\n,2018,/ビビ[\s・]?[yｙ][xＸ]/iu,\n,26,,エアリーブルー,オープン,25.2,8,24.7,50,35,31,内装3段,\n,\n,\n,,低床,,20181216
パナソニック,ベロスター,ベロスター,,BE-ELVS77,201809,\n,/ベロスター/ius,\n,700c,700×38C,ミッドナイトブラック,95000,25.2,8,22.4,50,36,28,外装7段,149,\n,790,取付可,,,20181216
パナソニック,ベロスター,ベロスター,,BE-ELVS77,201809,\n,/ベロスター/ius,\n,700c,700×38C,クリスタルホワイト,95000,25.2,8,22.4,50,36,28,外装7段,149,\n,790,取付可,,,20181216
パナソニック,ベロスター,ベロスター,,BE-ELVS77,201809,\n,/ベロスター/ius,\n,700c,700×38C,ワインレッド,95000,25.2,8,22.4,50,36,28,外装7段,149,\n,790,取付可,,,20181216
パナソニック,ベロスター,ベロスター・ミニ,,BE-ELVS07,201809,\n,/ベロスター[\s・]?ミニ/ius,\n,20,20×1.5HE,ミッドナイトブラック,95000,25.2,8,21,60,40,31,外装7段,150,\n,805,取付可,,,20181216
パナソニック,ベロスター,ベロスター・ミニ,,BE-ELVS07,201809,\n,/ベロスター[\s・]?ミニ/ius,\n,20,20×1.5HE,マットオリーブ,95000,25.2,8,21,60,40,31,外装7段,150,\n,805,取付可,,,20181216
パナソニック,ベロスター,ベロスター・ミニ,,BE-ELVS07,201809,\n,/ベロスター[\s・]?ミニ/ius,\n,20,20×1.5HE,メタリックオレンジ,95000,25.2,8,21,60,40,31,外装7段,150,\n,805,取付可,,,20181216
パナソニック,,BP02,,BE-ELZC63A,\n,2018,/bp02/ius,\n,26,26×1.75HE,ジェットブラック,131000,25.2,12,24.8,74,54,46,内装3段,149,\n,790,標準装備,,,20181216
パナソニック,,BP02,,BE-ELZC63A,\n,2018,/bp02/ius,\n,26,26×1.75HE,ショアブルー,131000,25.2,12,24.8,74,54,46,内装3段,149,\n,790,標準装備,,,20181216
パナソニック,,BP02,,BE-ELZC63A,\n,2018,/bp02/ius,\n,26,26×1.75HE,デザートイエロー,131000,25.2,12,24.8,74,54,46,内装3段,149,\n,790,標準装備,,,20181216
パナソニック,,EZ,,BE-ELZ032A,\n,2018,/ez/ius,\n,20,20×2.125HE,マットナイト,117000,25.2,8,22.5,52,35,31,内装3段,149,\n,785,標準装備,,,20181216
パナソニック,,EZ,,BE-ELZ032A,\n,2018,/ez/ius,\n,20,20×2.125HE,マットオリーブ,117000,25.2,8,22.5,52,35,31,内装3段,149,\n,785,標準装備,,,20181216
パナソニック,,EZ,,BE-ELZ032A,\n,2018,/ez/ius,\n,20,20×2.125HE,マットゴールド,117000,25.2,8,22.5,52,35,31,内装3段,149,\n,785,標準装備,,,20181216
パナソニック,,Jコンセプト,,BE-JELJ01A,\n,2018,/jコンセプト/ius,\n,20,20×1.50HE,マットナイト,110000,25.2,12,18.2,91,61,50,,142,\n,745,取付可,,,20181216
パナソニック,,Jコンセプト,,BE-JELJ01A,\n,2018,/jコンセプト/ius,\n,20,20×1.50HE,クリスタルホワイト,110000,25.2,12,18.2,91,61,50,,142,\n,745,取付可,,,20181216
パナソニック,,Jコンセプト,,BE-JELJ01A,\n,2018,/jコンセプト/ius,\n,20,20×1.50HE,エバーグリーン,110000,25.2,12,18.2,91,61,50,,142,\n,745,取付可,,,20181216
パナソニック,,Jコンセプト,,BE-JELJ01A,\n,2018,/jコンセプト/ius,\n,20,20×1.50HE,レッドリーブス,110000,25.2,12,18.2,91,61,50,,142,\n,745,取付可,,,20181216
パナソニック,,SW,,BE-ELSW01,\n,2018,/SW/ius,\n,20,20×1.75HE/20×2.125HE,マットジェットブラック,75000,25.2,8,21.6,\n,36,\n,,147,\n,775,クラス27取付可,低床,,20181216
パナソニック,,SW,,BE-ELSW01,\n,2018,/SW/ius,\n,20,20×1.75HE/20×2.125HE,マットクラウディグレー,75000,25.2,8,21.6,\n,36,\n,,147,\n,775,クラス27取付可,低床,,20181216
パナソニック,,SW,,BE-ELSW01,\n,2018,/SW/ius,\n,20,20×1.75HE/20×2.125HE,デザートイエロー,75000,25.2,8,21.6,\n,36,\n,,147,\n,775,クラス27取付可,低床,,20181216
パナソニック,,オフタイム,,BE-ELW072A,\n,2018,/オフタイム/ius,\n,18/20,18×1.75HE/20×1.75HE,マットナイト×ブラック,127000,25.2,8,20.5,54,40,31,外装7段,148,\n,780,,,,20181216
パナソニック,,オフタイム,,BE-ELW072A,\n,2018,/オフタイム/ius,\n,18/20,18×1.75HE/20×1.75HE,パールホワイト×ブラック,127000,25.2,8,20.5,54,40,31,外装7段,148,\n,780,,,,20181216
パナソニック,,オフタイム,,BE-ELW072A,\n,2018,/オフタイム/ius,\n,18/20,18×1.75HE/20×1.75HE,オレンジ×ブラック,127000,25.2,8,20.5,54,40,31,外装7段,148,\n,780,,,,20181216
パナソニック,,オフタイム,,BE-ELW072A,\n,2018,/オフタイム/ius,\n,18/20,18×1.75HE/20×1.75HE,ブルーグレー×ブラック,127000,25.2,8,20.5,54,40,31,外装7段,148,\n,780,,,,20181216
パナソニック,,グリッター,,BE-ELGL033,\n,2018,/グリッター/ius,\n,20,20×1.95HE,ココモミルク,110000,25.2,12,24.5,75,54,42,内装3段,142,\n,745,取付可,,,20181216
パナソニック,,グリッター,,BE-ELGL033,\n,2018,/グリッター/ius,\n,20,20×1.95HE,マットルージュ,110000,25.2,12,24.5,75,54,42,内装3段,142,\n,745,取付可,,,20181216
パナソニック,,グリッター,,BE-ELGL033,\n,2018,/グリッター/ius,\n,20,20×1.95HE,マットダークブラウン,110000,25.2,12,24.5,75,54,42,内装3段,142,\n,745,取付可,,,20181216
パナソニック,,グリッター,,BE-ELGL033,\n,2018,/グリッター/ius,\n,20,20×1.95HE,グレイッシュブルー,110000,25.2,12,24.5,75,54,42,内装3段,142,\n,745,取付可,,,20181216
パナソニック,,ジェッター,,BE-ELHC44A,\n,2018,/ジェッター/ius,440,700c,700×38C,アクティブホワイト,150000,25.2,16,21.4,85,65,58,外装8段,154,\n,810,取付可,,,20181216
パナソニック,,ジェッター,,BE-ELHC44A,\n,2018,/ジェッター/ius,440,700c,700×38C,クラシカルレッド,150000,25.2,16,21.4,85,65,58,外装8段,154,\n,810,取付可,,,20181216
パナソニック,,ジェッター,,BE-ELHC44A,\n,2018,/ジェッター/ius,440,700c,700×38C,ペールブルー,150000,25.2,16,21.4,85,65,58,外装8段,154,\n,810,取付可,,,20181216
パナソニック,,ジェッター,,BE-ELHC49A,\n,2018,/ジェッター/ius,490,700c,700×38C,アクティブホワイト,150000,25.2,16,21.4,85,65,58,外装8段,164,\n,860,取付可,,,20181216
パナソニック,,ジェッター,,BE-ELHC49A,\n,2018,/ジェッター/ius,490,700c,700×38C,クラシカルレッド,150000,25.2,16,21.4,85,65,58,外装8段,164,\n,860,取付可,,,20181216
パナソニック,,ジェッター,,BE-ELHC49A,\n,2018,/ジェッター/ius,490,700c,700×38C,ペールブルー,150000,25.2,16,21.4,85,65,58,外装8段,164,\n,860,取付可,,,20181216
パナソニック,,ハリヤ,,BE-ELH242B,\n,2018,/ハリヤ/ius,\n,26,26×1.90HE,マットナイト,129000,25.2,12,22.8,73,54,45,外装7段,150,\n,805,取付可,,,20181216
パナソニック,,ハリヤ,,BE-ELH242B,\n,2018,/ハリヤ/ius,\n,26,26×1.90HE,クリスタルホワイト,129000,25.2,12,22.8,73,54,45,外装7段,150,\n,805,取付可,,,20181216
パナソニック,,ハリヤ,,BE-ELH242B,\n,2018,/ハリヤ/ius,\n,26,26×1.90HE,ストーングレー,129000,25.2,12,22.8,73,54,45,外装7段,150,\n,805,取付可,,,20181216
パナソニック,,ハリヤ,,BE-ELH242B,\n,2018,/ハリヤ/ius,\n,26,26×1.90HE,フラッシュアクア,129000,25.2,12,22.8,73,54,45,外装7段,150,\n,805,取付可,,,20181216
ブリヂストン,アシスタ,アシスタデラックス,,A4DC39,\n,2019,/アシスタ[\s・]?デラックス/ius,\n,24,24×1-1/2,M.XHスパークルシルバー,114800,25.5,12.3,25.3,80,56,45,内装3段,136,\n,720,クラス27標準装備,低床,,20181216
ブリヂストン,アシスタ,アシスタデラックス,,A4DC39,\n,2019,/アシスタ[\s・]?デラックス/ius,\n,24,24×1-1/2,F.Xカラメルブラウン,114800,25.5,12.3,25.3,80,56,45,内装3段,136,\n,720,クラス27標準装備,低床,,20181216
ブリヂストン,アシスタ,アシスタデラックス,,A4DC39,\n,2019,/アシスタ[\s・]?デラックス/ius,\n,24,24×1-1/2,P.Xオパールミント ,114800,25.5,12.3,25.3,80,56,45,内装3段,136,\n,720,クラス27標準装備,低床,,20181216
ブリヂストン,アシスタ,アシスタデラックス,,A4DC39,\n,2019,/アシスタ[\s・]?デラックス/ius,\n,24,24×1-1/2,E.Xディープピンク,114800,25.5,12.3,25.3,80,56,45,内装3段,136,\n,720,クラス27標準装備,低床,,20181216
ブリヂストン,アシスタ,アシスタデラックス,,A6DC39,\n,2019,/アシスタ[\s・]?デラックス/ius,\n,26,26×1-1/2,M.XHスパークルシルバー,114800,25.5,12.3,25.9,80,56,45,内装3段,139,\n,740,クラス27標準装備,低床,,20181216
ブリヂストン,アシスタ,アシスタデラックス,,A6DC39,\n,2019,/アシスタ[\s・]?デラックス/ius,\n,26,26×1-1/2,F.Xカラメルブラウン,114800,25.5,12.3,25.9,80,56,45,内装3段,139,\n,740,クラス27標準装備,低床,,20181216
ブリヂストン,アシスタ,アシスタデラックス,,A6DC39,\n,2019,/アシスタ[\s・]?デラックス/ius,\n,26,26×1-1/2,P.Xオパールミント ,114800,25.5,12.3,25.9,80,56,45,内装3段,139,\n,740,クラス27標準装備,低床,,20181216
ブリヂストン,アシスタ,アシスタデラックス,,A6DC39,\n,2019,/アシスタ[\s・]?ファイン/ius,\n,26,26×1-1/2,E.Xディープピンク,114800,25.5,12.3,25.9,80,56,45,内装3段,139,\n,740,クラス27標準装備,低床,,20181216
ブリヂストン,アシスタ,アシスタファイン,,A4FC18,\n,2019,/アシスタ[\s・]?デラックス/ius,\n,24,24×1-3/8,E.Xモダンブルー,オープン,25.5,6.2,24.6,36,25,21,内装3段,135,\n,715,標準装備,低床,,20181216
ブリヂストン,アシスタ,アシスタファイン,,A4FC18,\n,2019,/アシスタ[\s・]?デラックス/ius,\n,24,24×1-3/8,M.XHスパークルシルバー,オープン,25.5,6.2,24.6,36,25,21,内装3段,135,\n,715,標準装備,低床,,20181216
ブリヂストン,アシスタ,アシスタファイン,,A4FC18,\n,2019,/アシスタ[\s・]?デラックス/ius,\n,24,24×1-3/8,F.Xカラメルブラウン,オープン,25.5,6.2,24.6,36,25,21,内装3段,135,\n,715,標準装備,低床,,20181216
ブリヂストン,アシスタ,アシスタファイン,,A4FC18,\n,2019,/アシスタ[\s・]?デラックス/ius,\n,24,24×1-3/8,E.Xマリノブルー ,オープン,25.5,6.2,24.6,36,25,21,内装3段,135,\n,715,標準装備,低床,,20181216
ブリヂストン,アシスタ,アシスタファイン,,A4FC18,\n,2019,/アシスタ[\s・]?デラックス/ius,\n,24,24×1-3/8,E.Xフラミンゴオレンジ ,オープン,25.5,6.2,24.6,36,25,21,内装3段,135,\n,715,標準装備,低床,,20181216
ブリヂストン,アシスタ,アシスタファイン,,A4FC18,\n,2019,/アシスタ[\s・]?デラックス/ius,\n,24,24×1-3/8,E.Xナチュラルオリーブ,オープン,25.5,6.2,24.6,36,25,21,内装3段,135,\n,715,標準装備,低床,,20181216
ブリヂストン,アシスタ,アシスタファイン,,A6FC18,\n,2019,/アシスタ[\s・]?デラックス/ius,\n,26,26×1-3/8,M.XHスパークルシルバー,オープン,25.5,6.2,25.2,36,25,21,内装3段,139,\n,735,標準装備,低床,,20181216
ブリヂストン,アシスタ,アシスタファイン,,A6FC18,\n,2019,/アシスタ[\s・]?デラックス/ius,\n,26,26×1-3/8,F.Xカラメルブラウン,オープン,25.5,6.2,25.2,36,25,21,内装3段,139,\n,735,標準装備,低床,,20181216
ブリヂストン,アシスタ,アシスタファイン,,A6FC18,\n,2019,/アシスタ[\s・]?デラックス/ius,\n,26,26×1-3/8,E.Xマリノブルー ,オープン,25.5,6.2,25.2,36,25,21,内装3段,139,\n,735,標準装備,低床,,20181216
ブリヂストン,アシスタ,アシスタファイン,,A6FC18,\n,2019,/アシスタ[\s・]?デラックス/ius,\n,26,26×1-3/8,E.Xフラミンゴオレンジ ,オープン,25.5,6.2,25.2,36,25,21,内装3段,139,\n,735,標準装備,低床,,20181216
ブリヂストン,アシスタ,アシスタファイン,,A6FC18,\n,2019,/アシスタ[\s・]?デラックス/ius,\n,26,26×1-3/8,E.Xナチュラルオリーブ,オープン,25.5,6.2,25.2,36,25,21,内装3段,139,\n,735,標準装備,低床,,20181216
ブリヂストン,アシスタ,アシスタファイン,,A6FC18,\n,2019,/アシスタ[\s・]?デラックス[\s・]?ミニ/ius,\n,26,26×1-3/8,E.Xモダンブルー,オープン,25.5,6.2,25.2,36,25,21,内装3段,139,\n,735,標準装備,低床,,20181216
ブリヂストン,アシスタ,アシスタファインミニ,,A0BC18,\n,2019,/アシスタ[\s・]?デラックス/ius,\n,20/18,20×1.95/18×2.125,T.Xクロツヤケシ,オープン,25.5,6.2,26.5,37,24,21,内装3段,139,\n,735,標準装備,低床,,20181216
ブリヂストン,アシスタ,アシスタファインミニ,,A0BC18,\n,2019,/アシスタ[\s・]?デラックス/ius,\n,20/18,20×1.95/18×2.125,T.Xサンドベージュ,オープン,25.5,6.2,26.5,37,24,21,内装3段,139,\n,735,標準装備,低床,,20181216
ブリヂストン,アシスタ,アシスタファインミニ,,A0BC18,\n,2019,/アシスタ[\s・]?デラックス/ius,\n,20/18,20×1.95/18×2.125,E.Xチェリーピンク,オープン,25.5,6.2,26.5,37,24,21,内装3段,139,\n,735,標準装備,低床,,20181216
ブリヂストン,アシスタ,アシスタファインミニ,,A0BC18,\n,2019,/アシスタ[\s・]?デラックス/ius,\n,20/18,20×1.95/18×2.125,E.Xティールブルー,オープン,25.5,6.2,26.5,37,24,21,内装3段,139,\n,735,標準装備,低床,,20181216
ブリヂストン,アシスタ,アシスタプリマ,,A6PC18,\n,2019,/アシスタ[\s・]?プリマ/ius,\n,26,26×1-3/8,T.Xクロツヤケシ ,オープン,25.5,6.2,26.1,38,26,22,内装3段,139,\n,750,クラス27標準装備,,,20181216
ブリヂストン,アシスタ,アシスタプリマ,,A6PC18,\n,2019,/アシスタ[\s・]?プリマ/ius,\n,26,26×1-3/8,E.Xダークオリーブ,オープン,25.5,6.2,26.1,38,26,22,内装3段,139,\n,750,クラス27標準装備,,,20181216
ブリヂストン,アシスタ,アシスタプリマ,,A6PC18,\n,2019,/アシスタ[\s・]?プリマ/ius,\n,26,26×1-3/8,E.Xミルクティーベージュ,オープン,25.5,6.2,26.1,38,26,22,内装3段,139,\n,750,クラス27標準装備,,,20181216
ブリヂストン,アシスタ,アシスタプリマ,,A6PC18,\n,2019,/アシスタ[\s・]?プリマ/ius,\n,26,26×1-3/8,E.Xグレイッシュミント,オープン,25.5,6.2,26.1,38,26,22,内装3段,139,\n,750,クラス27標準装備,,,20181216
ブリヂストン,アシスタ,アシスタプリマ,,A6PC18,\n,2019,/アシスタ[\s・]?プリマ/ius,\n,26,26×1-3/8,E.Xグレイッシュピンク,オープン,25.5,6.2,26.1,38,26,22,内装3段,139,\n,750,クラス27標準装備,,,20181216
ブリヂストン,アシスタ,アシスタユニ,,A2UC38,\n,2019,/アシスタ[\s・]?ユニ/ius,\n,20,20×1.75,T.Xクロツヤケシ,107800,25.5,12.3,20.7,69,59,51,内装3段,129,\n,675,装着可能,低床,,20181216
ブリヂストン,アシスタ,アシスタユニ,,A2UC38,\n,2019,/アシスタ[\s・]?ユニ/ius,\n,20,20×1.75,T.Xグレイッシュミント,107800,25.5,12.3,20.7,69,59,51,内装3段,129,\n,675,装着可能,低床,,20181216
ブリヂストン,アシスタ,アシスタユニ,,A2UC38,\n,2019,/アシスタ[\s・]?ユニ/ius,\n,20,20×1.75,T.Xアンバーオレンジ,107800,25.5,12.3,20.7,69,59,51,内装3段,129,\n,675,装着可能,低床,,20181216
ブリヂストン,アシスタ,アシスタユニ,,A4UC38,\n,2019,/アシスタ[\s・]?ユニ/ius,\n,24,24×1.75,T.Xクロツヤケシ,108800,25.5,12.3,22.4,65,57,47,内装3段,131,\n,685,装着可能,低床,,20181216
ブリヂストン,アシスタ,アシスタユニ,,A4UC38,\n,2019,/アシスタ[\s・]?ユニ/ius,\n,24,24×1.75,T.XHカーキ,108800,25.5,12.3,22.4,65,57,47,内装3段,131,\n,685,装着可能,低床,,20181216
ブリヂストン,アシスタ,アシスタユニ,,A4UC38,\n,2019,/アシスタ[\s・]?ユニ/ius,\n,24,24×1.75,T.Xマットブルーグレー ,108800,25.5,12.3,22.4,65,57,47,内装3段,131,\n,685,装着可能,低床,,20181216
ブリヂストン,アシスタ,アシスタユニプレミア,,A2PC38,\n,2019,/アシスタ[\s・]?ユニ[\s・]?プレミア/ius,\n,20,20×1.75,M.Xフラッシュパープル,112800,25.5,12.3,21.9,72,\n,49,内装3段,128,\n,670,標準装備,低床,,20181216
ブリヂストン,アシスタ,アシスタユニプレミア,,A2PC38,\n,2019,/アシスタ[\s・]?ユニ[\s・]?プレミア/ius,\n,20,20×1.75,P.Xシーシェルアイボリー,112800,25.5,12.3,21.9,72,\n,49,内装3段,128,\n,670,標準装備,低床,,20181216
ブリヂストン,アシスタ,アシスタユニプレミア,,A2PC38,\n,2019,/アシスタ[\s・]?ユニ[\s・]?プレミア/ius,\n,20,20×1.75,M.Xピンクゴールド,112800,25.5,12.3,21.9,72,\n,49,内装3段,128,\n,670,標準装備,低床,,20181216
ブリヂストン,アシスタ,アシスタユニプレミア,,A2PC38,\n,2019,/アシスタ[\s・]?ユニ[\s・]?プレミア/ius,\n,20,20×1.75,P.Xオパールミント ,112800,25.5,12.3,21.9,72,\n,49,内装3段,128,\n,670,標準装備,低床,,20181216
ブリヂストン,アシスタ,アシスタユニプレミア,,A4PC38,\n,2019,/アシスタ[\s・]?ユニ[\s・]?プレミア/ius,\n,24,24×1.75,P.Xトラッドオリーブ,113800,25.5,12.3,24.3,72,\n,49,内装3段,131,\n,685,標準装備,低床,,20181216
ブリヂストン,アシスタ,アシスタユニプレミア,,A4PC38,\n,2019,/アシスタ[\s・]?ユニ[\s・]?プレミア/ius,\n,24,24×1.75,F.Xガーネットオレンジ,113800,25.5,12.3,24.3,72,\n,49,内装3段,131,\n,685,標準装備,低床,,20181216
ブリヂストン,アシスタ,アシスタユニプレミア,,A4PC38,\n,2019,/アシスタ[\s・]?ユニ[\s・]?プレミア/ius,\n,24,24×1.75,P.Xサファイヤブルー ,113800,25.5,12.3,24.3,72,\n,49,内装3段,131,\n,685,標準装備,低床,,20181216
ブリヂストン,アルベルト e,アルベルト e L型,,AL6B49,\n,2019,/AL6B49/ius,\n,26,26×1-3/8WO,M.XHスパークルシルバー,137800,36.5,9.9,25.9,80,63,47,内装3段,144,\n,765,クラス27取付可,,前輪駆動,20181216
ブリヂストン,アルベルト e,アルベルト e L型,,AL6B49,\n,2019,/AL6B49/ius,\n,26,26×1-3/8WO,T.アンバーブラック,137800,36.5,9.9,25.9,80,63,47,内装3段,144,\n,765,クラス27取付可,,前輪駆動,20181216
ブリヂストン,アルベルト e,アルベルト e L型,,AL6B49,\n,2019,/AL6B49/ius,\n,26,26×1-3/8WO,T.ネオンライム,137800,36.5,9.9,25.9,80,63,47,内装3段,144,\n,765,クラス27取付可,,前輪駆動,20181216
ブリヂストン,アルベルト e,アルベルト e L型,,AL6B49,\n,2019,/AL6B49/ius,\n,26,26×1-3/8WO,P.Xシャンパンホワイト,137800,36.5,9.9,25.9,80,63,47,内装3段,144,\n,765,クラス27取付可,,前輪駆動,20181216
ブリヂストン,アルベルト e,アルベルト e L型,,AL6B49,\n,2019,/AL6B49/ius,\n,26,26×1-3/8WO,M.ジュエルDブルー,137800,36.5,9.9,25.9,80,63,47,内装3段,144,\n,765,クラス27取付可,,前輪駆動,20181216
ブリヂストン,アルベルト e,アルベルト e L型,,AL7B49,\n,2019,/AL7B49/ius,\n,27,27×1-3/8WO,M.XHスパークルシルバー,139800,36.5,9.9,26.7,77,57,41,内装5段,148,\n,795,クラス27取付可,,前輪駆動,20181216
ブリヂストン,アルベルト e,アルベルト e L型,,AL7B49,\n,2019,/AL7B49/ius,\n,27,27×1-3/8WO,T.アンバーブラック,139800,36.5,9.9,26.7,77,57,41,内装5段,148,\n,795,クラス27取付可,,前輪駆動,20181216
ブリヂストン,アルベルト e,アルベルト e L型,,AL7B49,\n,2019,/AL7B49/ius,\n,27,27×1-3/8WO,T.ネオンライム,139800,36.5,9.9,26.7,77,57,41,内装5段,148,\n,795,クラス27取付可,,前輪駆動,20181216
ブリヂストン,アルベルト e,アルベルト e L型,,AL7B49,\n,2019,/AL7B49/ius,\n,27,27×1-3/8WO,P.Xシャンパンホワイト,139800,36.5,9.9,26.7,77,57,41,内装5段,148,\n,795,クラス27取付可,,前輪駆動,20181216
ブリヂストン,アルベルト e,アルベルト e L型,,AL7B49,\n,2019,/AL7B49/ius,\n,27,27×1-3/8WO,M.ジュエルDブルー,139800,36.5,9.9,26.7,77,57,41,内装5段,148,\n,795,クラス27取付可,,前輪駆動,20181216
ブリヂストン,アルベルト e,アルベルト e S型,,AS7B49,\n,2019,/AS7B49/ius,\n,27,27×1-3/8WO,T.ネオンライム,139800,36.5,9.9,26.7,77,57,41,内装5段,148,\n,795,クラス27取付可,,前輪駆動,20181216
ブリヂストン,アルベルト e,アルベルト e S型,,AS7B49,\n,2019,/AS7B49/ius,\n,27,27×1-3/8WO,T.アンバーブラック,139800,36.5,9.9,26.7,77,57,41,内装5段,148,\n,795,クラス27取付可,,前輪駆動,20181216
ブリヂストン,アルベルト e,アルベルト e S型,,AS7B49,\n,2019,/AS7B49/ius,\n,27,27×1-3/8WO,M．XHスパークルシルバー,139800,36.5,9.9,26.7,77,57,41,内装5段,148,\n,795,クラス27取付可,,前輪駆動,20181216
ブリヂストン,カジュナ e,カジュナ e スイートライン,,CS6B49,\n,2019,/カジュナ[\s・]?e[\s・]スイートライン/ius,\n,26,26×1-1/2,E.Xエッグシェルベージュ,129800,36.5,9.9,28.7,93,70,47,内装3段,144,\n,765,クラス27標準装備,低床,前輪駆動,20181216
ブリヂストン,カジュナ e,カジュナ e スイートライン,,CS6B49,\n,2019,/カジュナ[\s・]?e[\s・]スイートライン/ius,\n,26,26×1-1/2,E.Xミストグリーン,129800,36.5,9.9,28.7,93,70,47,内装3段,144,\n,765,クラス27標準装備,低床,前輪駆動,20181216
ブリヂストン,カジュナ e,カジュナ e スイートライン,,CS6B49,\n,2019,/カジュナ[\s・]?e[\s・]スイートライン/ius,\n,26,26×1-1/2,E.Xカームブルー,129800,36.5,9.9,28.7,93,70,47,内装3段,144,\n,765,クラス27標準装備,低床,前輪駆動,20181216
ブリヂストン,カジュナ e,カジュナ e スイートライン,,CS6B49,\n,2019,/カジュナ[\s・]?e[\s・]スイートライン/ius,\n,26,26×1-1/2,E.Xサンドピンク,129800,36.5,9.9,28.7,93,70,47,内装3段,144,\n,765,クラス27標準装備,低床,前輪駆動,20181216
ブリヂストン,カジュナ e,カジュナ e ベーシックライン,,CB6B49,\n,2019,/カジュナ[\s・]?e[\s・]ベーシックライン/ius,\n,26,26×1-1/2,E.XBKホワイト,129800,36.5,9.9,28.7,93,70,47,内装3段,144,\n,765,クラス27標準装備,低床,前輪駆動,20181216
ブリヂストン,カジュナ e,カジュナ e ベーシックライン,,CB6B49,\n,2019,/カジュナ[\s・]?e[\s・]ベーシックライン/ius,\n,26,26×1-1/2,E.Xアメリカンブルー,129800,36.5,9.9,28.7,93,70,47,内装3段,144,\n,765,クラス27標準装備,低床,前輪駆動,20181216
ブリヂストン,カジュナ e,カジュナ e ベーシックライン,,CB6B49,\n,2019,/カジュナ[\s・]?e[\s・]ベーシックライン/ius,\n,26,26×1-1/2,E.Xダークオリーブ,129800,36.5,9.9,28.7,93,70,47,内装3段,144,\n,765,クラス27標準装備,低床,前輪駆動,20181216
ブリヂストン,カジュナ e,カジュナ e ベーシックライン,,CB6B49,\n,2019,/カジュナ[\s・]?e[\s・]ベーシックライン/ius,\n,26,26×1-1/2,E.Xキャラメルブラウン,129800,36.5,9.9,28.7,93,70,47,内装3段,144,\n,765,クラス27標準装備,低床,前輪駆動,20181216
ブリヂストン,ビッケ,ビッケ グリ dd,,BG0B49,\n,2019,/ビッケ[\s・]?グリ[\s・]dd/ius,\n,24/20,24×1.75/20×2.125,E.Xランドベージュ,148800,36.5,9.9,33.2,88,63,45,内装3段,142,152,725,クラス27標準装備,,前輪駆動,20181216
ブリヂストン,ビッケ,ビッケ グリ dd,,BG0B49,\n,2019,/ビッケ[\s・]?グリ[\s・]dd/ius,\n,24/20,24×1.75/20×2.125,E.Xリバーブルー,148800,36.5,9.9,33.2,88,63,45,内装3段,142,152,725,クラス27標準装備,,前輪駆動,20181216
ブリヂストン,ビッケ,ビッケ グリ dd,,BG0B49,\n,2019,/ビッケ[\s・]?グリ[\s・]dd/ius,\n,24/20,24×1.75/20×2.125,E.Xアンバーオレンジ,148800,36.5,9.9,33.2,88,63,45,内装3段,142,152,725,クラス27標準装備,,前輪駆動,20181216
ブリヂストン,ビッケ,ビッケ グリ dd,,BG0B49,\n,2019,/ビッケ[\s・]?グリ[\s・]dd/ius,\n,24/20,24×1.75/20×2.125,T.Xディープグリーン,148800,36.5,9.9,33.2,88,63,45,内装3段,142,152,725,クラス27標準装備,,前輪駆動,20181216
ブリヂストン,ビッケ,ビッケ グリ dd,,BG0B49,\n,2019,/ビッケ[\s・]?グリ[\s・]dd/ius,\n,24/20,24×1.75/20×2.125,E.XBKホワイト,148800,36.5,9.9,33.2,88,63,45,内装3段,142,152,725,クラス27標準装備,,前輪駆動,20181216
ブリヂストン,ビッケ,ビッケ グリ dd,,BG0B49,\n,2019,/ビッケ[\s・]?グリ[\s・]dd/ius,\n,24/20,24×1.75/20×2.125,E.XBKダークグレー,148800,36.5,9.9,33.2,88,63,45,内装3段,142,152,725,クラス27標準装備,,前輪駆動,20181216
ブリヂストン,ビッケ,ビッケ ポーラー e,,BR0C49,\n,2019,/ビッケ[\s・]?ポーラー[\s・]e/ius,\n,20,20×1.95/20×2.125,M.ソフトカーキ,143800,25.5,15.4,31,78,63,56,内装3段,138,147,700,クラス27標準装備,低床,,20181216
ブリヂストン,ビッケ,ビッケ ポーラー e,,BR0C49,\n,2019,/ビッケ[\s・]?ポーラー[\s・]e/ius,\n,20,20×1.95/20×2.125,E.BKブルーグレー,143800,25.5,15.4,31,78,63,56,内装3段,138,147,700,クラス27標準装備,低床,,20181216
ブリヂストン,ビッケ,ビッケ ポーラー e,,BR0C49,\n,2019,/ビッケ[\s・]?ポーラー[\s・]e/ius,\n,20,20×1.95/20×2.125,E.BKダークグレー,143800,25.5,15.4,31,78,63,56,内装3段,138,147,700,クラス27標準装備,低床,,20181216
ブリヂストン,ビッケ,ビッケ ポーラー e,,BR0C49,\n,2019,/ビッケ[\s・]?ポーラー[\s・]e/ius,\n,20,20×1.95/20×2.125,E.BKホワイト,143800,25.5,15.4,31,78,63,56,内装3段,138,147,700,クラス27標準装備,低床,,20181216
ブリヂストン,ビッケ,ビッケ ポーラー e,,BR0C49,\n,2019,/ビッケ[\s・]?ポーラー[\s・]e/ius,\n,20,20×1.95/20×2.125,T.レトログレージュ,143800,25.5,15.4,31,78,63,56,内装3段,138,147,700,クラス27標準装備,低床,,20181216
ブリヂストン,ビッケ,ビッケ ポーラー e,,BR0C49,\n,2019,/ビッケ[\s・]?ポーラー[\s・]e/ius,\n,20,20×1.95/20×2.125,T.レトロレッド,143800,25.5,15.4,31,78,63,56,内装3段,138,147,700,クラス27標準装備,低床,,20181216
ブリヂストン,ビッケ,ビッケ ポーラー e,,BR0C49,\n,2019,/ビッケ[\s・]?ポーラー[\s・]e/ius,\n,20,20×1.95/20×2.125,T.レトロブルー,143800,25.5,15.4,31,78,63,56,内装3段,138,147,700,クラス27標準装備,低床,,20181216
ブリヂストン,ビッケ,ビッケ モブ dd,,BM0B49,\n,2019,/ビッケ[\s・]?モブ[\s・]dd/ius,\n,24/20,24×1.75/20×2.125,E.Xネイビーグレー,148800,36.5,9.9,34.4,82,58,42,内装3段,142,152,725,クラス27標準装備,低床,前輪駆動,20181216
ブリヂストン,ビッケ,ビッケ モブ dd,,BM0B49,\n,2019,/ビッケ[\s・]?モブ[\s・]dd/ius,\n,24/20,24×1.75/20×2.125,E.XBKホワイト,148800,36.5,9.9,34.4,82,58,42,内装3段,142,152,725,クラス27標準装備,低床,前輪駆動,20181216
ブリヂストン,ビッケ,ビッケ モブ dd,,BM0B49,\n,2019,/ビッケ[\s・]?モブ[\s・]dd/ius,\n,24/20,24×1.75/20×2.125,E.XBKブルーグレー,148800,36.5,9.9,34.4,82,58,42,内装3段,142,152,725,クラス27標準装備,低床,前輪駆動,20181216
ブリヂストン,ビッケ,ビッケ モブ dd,,BM0B49,\n,2019,/ビッケ[\s・]?モブ[\s・]dd/ius,\n,24/20,24×1.75/20×2.125,E.XBKダークグレー,148800,36.5,9.9,34.4,82,58,42,内装3段,142,152,725,クラス27標準装備,低床,前輪駆動,20181216
ブリヂストン,ビッケ,ビッケ モブ dd,,BM0B49,\n,2019,/ビッケ[\s・]?モブ[\s・]dd/ius,\n,24/20,24×1.75/20×2.125,E.Xオークルオレンジ,148800,36.5,9.9,34.4,82,58,42,内装3段,142,152,725,クラス27標準装備,低床,前輪駆動,20181216
ブリヂストン,フロンティア,フロンティア,,F4AB29,\n,2019,/フロンティア/ius,\n,24,24×1-3/8,M.XHスパークルシルバー,114800,36.5,6.2,25.7,60,42,29,内装3段,135,\n,710,クラス27標準装備,低床,前輪駆動,20181216
ブリヂストン,フロンティア,フロンティア,,F4AB29,\n,2019,/フロンティア/ius,\n,24,24×1-3/8,F.Xカラメルブラウン,114800,36.5,6.2,25.7,60,42,29,内装3段,135,\n,710,クラス27標準装備,低床,前輪駆動,20181216
ブリヂストン,フロンティア,フロンティア,,F4AB29,\n,2019,/フロンティア/ius,\n,24,24×1-3/8,F.Xベルベットローズ,114800,36.5,6.2,25.7,60,42,29,内装3段,135,\n,710,クラス27標準装備,低床,前輪駆動,20181216
ブリヂストン,フロンティア,フロンティア,,F4AB29,\n,2019,/フロンティア/ius,\n,24,24×1-3/8,E.Xノーブルネイビー,114800,36.5,6.2,25.7,60,42,29,内装3段,135,\n,710,クラス27標準装備,低床,前輪駆動,20181216
ブリヂストン,フロンティア,フロンティア,,F4AB29,\n,2019,/フロンティア/ius,\n,24,24×1-3/8,E.Xクリームアイボリー,114800,36.5,6.2,25.7,60,42,29,内装3段,135,\n,710,クラス27標準装備,低床,前輪駆動,20181216
ブリヂストン,フロンティア,フロンティア,,F6AB29,\n,2019,/フロンティア/ius,\n,26,26×1-3/8,M.XHスパークルシルバー,114800,36.5,6.2,26.3,60,42,29,内装3段,139,\n,740,クラス27標準装備,低床,前輪駆動,20181216
ブリヂストン,フロンティア,フロンティア,,F6AB29,\n,2019,/フロンティア/ius,\n,26,26×1-3/8,F.Xカラメルブラウン,114800,36.5,6.2,26.3,60,42,29,内装3段,139,\n,740,クラス27標準装備,低床,前輪駆動,20181216
ブリヂストン,フロンティア,フロンティア,,F6AB29,\n,2019,/フロンティア/ius,\n,26,26×1-3/8,F.Xベルベットローズ,114800,36.5,6.2,26.3,60,42,29,内装3段,139,\n,740,クラス27標準装備,低床,前輪駆動,20181216
ブリヂストン,フロンティア,フロンティア,,F6AB29,\n,2019,/フロンティア/ius,\n,26,26×1-3/8,E.Xノーブルネイビー,114800,36.5,6.2,26.3,60,42,29,内装3段,139,\n,740,クラス27標準装備,低床,前輪駆動,20181216
ブリヂストン,フロンティア,フロンティア,,F6AB29,\n,2019,/フロンティア/ius,\n,26,26×1-3/8,E.Xクリームアイボリー,114800,36.5,6.2,26.3,60,42,29,内装3段,139,\n,740,クラス27標準装備,低床,前輪駆動,20181216
ブリヂストン,フロンティア,フロンティア デラックス,,F4DB49,\n,2019,/フロンティア[\s・]?デラックス/ius,\n,24,24×1-1/2,M.XHスパークルシルバー,124800,36.5,9.9,27.2,101,77,51,内装3段,136,\n,720,クラス27標準装備,低床,前輪駆動,20181216
ブリヂストン,フロンティア,フロンティア デラックス,,F4DB49,\n,2019,/フロンティア[\s・]?デラックス/ius,\n,24,24×1-1/2,F.Xカラメルブラウン,124800,36.5,9.9,27.2,101,77,51,内装3段,136,\n,720,クラス27標準装備,低床,前輪駆動,20181216
ブリヂストン,フロンティア,フロンティア デラックス,,F4DB49,\n,2019,/フロンティア[\s・]?デラックス/ius,\n,24,24×1-1/2,F.Xベルベットローズ,124800,36.5,9.9,27.2,101,77,51,内装3段,136,\n,720,クラス27標準装備,低床,前輪駆動,20181216
ブリヂストン,フロンティア,フロンティア デラックス,,F4DB49,\n,2019,/フロンティア[\s・]?デラックス/ius,\n,24,24×1-1/2,E.Xノーブルネイビー,124800,36.5,9.9,27.2,101,77,51,内装3段,136,\n,720,クラス27標準装備,低床,前輪駆動,20181216
ブリヂストン,フロンティア,フロンティア デラックス,,F4DB49,\n,2019,/フロンティア[\s・]?デラックス/ius,\n,24,24×1-1/2,E.Xクリームアイボリー,124800,36.5,9.9,27.2,101,77,51,内装3段,136,\n,720,クラス27標準装備,低床,前輪駆動,20181216
ブリヂストン,フロンティア,フロンティア デラックス,,F4DB49,\n,2019,/フロンティア[\s・]?デラックス/ius,\n,24,24×1-1/2,E.Xグレイッシュミント,124800,36.5,9.9,27.2,101,77,51,内装3段,136,\n,720,クラス27標準装備,低床,前輪駆動,20181216
ブリヂストン,フロンティア,フロンティア デラックス,,F4DB49,\n,2019,/フロンティア[\s・]?デラックス/ius,\n,24,24×1-1/2,E.Xグレイッシュピンク,124800,36.5,9.9,27.2,101,77,51,内装3段,136,\n,720,クラス27標準装備,低床,前輪駆動,20181216
ブリヂストン,フロンティア,フロンティア デラックス,,F6DB49,\n,2019,/フロンティア[\s・]?デラックス/ius,\n,26,26×1-1/2,M.XHスパークルシルバー,124800,36.5,9.9,27.9,101,77,51,内装3段,140,\n,745,クラス27標準装備,低床,前輪駆動,20181216
ブリヂストン,フロンティア,フロンティア デラックス,,F6DB49,\n,2019,/フロンティア[\s・]?デラックス/ius,\n,26,26×1-1/2,F.Xカラメルブラウン,124800,36.5,9.9,27.9,101,77,51,内装3段,140,\n,745,クラス27標準装備,低床,前輪駆動,20181216
ブリヂストン,フロンティア,フロンティア デラックス,,F6DB49,\n,2019,/フロンティア[\s・]?デラックス/ius,\n,26,26×1-1/2,F.Xベルベットローズ,124800,36.5,9.9,27.9,101,77,51,内装3段,140,\n,745,クラス27標準装備,低床,前輪駆動,20181216
ブリヂストン,フロンティア,フロンティア デラックス,,F6DB49,\n,2019,/フロンティア[\s・]?デラックス/ius,\n,26,26×1-1/2,E.Xノーブルネイビー,124800,36.5,9.9,27.9,101,77,51,内装3段,140,\n,745,クラス27標準装備,低床,前輪駆動,20181216
ブリヂストン,フロンティア,フロンティア デラックス,,F6DB49,\n,2019,/フロンティア[\s・]?デラックス/ius,\n,26,26×1-1/2,E.Xクリームアイボリー,124800,36.5,9.9,27.9,101,77,51,内装3段,140,\n,745,クラス27標準装備,低床,前輪駆動,20181216
ブリヂストン,フロンティア,フロンティア デラックス,,F6DB49,\n,2019,/フロンティア[\s・]?デラックス/ius,\n,26,26×1-1/2,E.Xグレイッシュミント,124800,36.5,9.9,27.9,101,77,51,内装3段,140,\n,745,クラス27標準装備,低床,前輪駆動,20181216
ブリヂストン,フロンティア,フロンティア デラックス,,F6DB49,\n,2019,/フロンティア[\s・]?デラックス/ius,\n,26,26×1-1/2,E.Xグレイッシュピンク,124800,36.5,9.9,27.9,101,77,51,内装3段,140,\n,745,クラス27標準装備,低床,前輪駆動,20181216
ブリヂストン,フロンティア,フロンティアラクット,,FK0B49,\n,2019,/フロンティア[\s・]?ラクット/ius,\n,20,20×1.75,T.Xルビーレッド,117800,36.5,9.9,23.3,77,\n,49,内装3段,128,\n,670,標準装備,低床,前輪駆動,20181216
ブリヂストン,フロンティア,フロンティアラクット,,FK0B49,\n,2019,/フロンティア[\s・]?ラクット/ius,\n,20,20×1.75,T.Xサファイヤブルー,117800,36.5,9.9,23.3,77,\n,49,内装3段,128,\n,670,標準装備,低床,前輪駆動,20181216
ブリヂストン,フロンティア,フロンティアラクット,,FK0B49,\n,2019,/フロンティア[\s・]?ラクット/ius,\n,20,20×1.75,P.Xミスティミント,117800,36.5,9.9,23.3,77,\n,49,内装3段,128,\n,670,標準装備,低床,前輪駆動,20181216
ブリヂストン,フロンティア,フロンティアラクット,,FK0B49,\n,2019,/フロンティア[\s・]?ラクット/ius,\n,20,20×1.75,P.Xミスティラベンダー,117800,36.5,9.9,23.3,77,\n,49,内装3段,128,\n,670,標準装備,低床,前輪駆動,20181216
ブリヂストン,フロンティア,フロンティアラクット,,FK4B49,\n,2019,/フロンティア[\s・]?ラクット/ius,\n,24,24×1.75,T.Xルビーレッド,118800,36.5,9.9,24.9,80,\n,52,内装3段,130,\n,680,標準装備,低床,前輪駆動,20181216
ブリヂストン,フロンティア,フロンティアラクット,,FK4B49,\n,2019,/フロンティア[\s・]?ラクット/ius,\n,24,24×1.75,T.Xサファイヤブルー,118800,36.5,9.9,24.9,80,\n,52,内装3段,130,\n,680,標準装備,低床,前輪駆動,20181216
ブリヂストン,フロンティア,フロンティアラクット,,FK4B49,\n,2019,/フロンティア[\s・]?ラクット/ius,\n,24,24×1.75,P.Xミスティミント,118800,36.5,9.9,24.9,80,\n,52,内装3段,130,\n,680,標準装備,低床,前輪駆動,20181216
ブリヂストン,フロンティア,フロンティアラクット,,FK4B49,\n,2019,/フロンティア[\s・]?ラクット/ius,\n,24,24×1.75,P.Xミスティラベンダー,118800,36.5,9.9,24.9,80,\n,52,内装3段,130,\n,680,標準装備,低床,前輪駆動,20181216
ブリヂストン,フロンティア,フロンティアリラクシー,,FR6B49,\n,2019,/フロンティア[\s・]?リラクシー/ius,\n,26,26×1.95(黒),E.XBKブルーグレー,129800,36.5,9.9,28,98,71,48,内装3段,141,\n,750,クラス27標準装備,低床,前輪駆動,20181216
ブリヂストン,フロンティア,フロンティアリラクシー,,FR6B49,\n,2019,/フロンティア[\s・]?リラクシー/ius,\n,26,26×1.95(黒),T.XHアイボリー,129800,36.5,9.9,28,98,71,48,内装3段,141,\n,750,クラス27標準装備,低床,前輪駆動,20181216
ブリヂストン,フロンティア,フロンティアリラクシー,,FC6B49,\n,2019,/フロンティア[\s・]?リラクシー/ius,\n,26,26×2.0(カラー),T.Xダークアッシュ,132800,36.5,9.9,28.5,98,71,48,内装3段,141,\n,750,クラス27標準装備,低床,前輪駆動,20181216
ブリヂストン,フロンティア,フロンティアリラクシー,,FC6B49,\n,2019,/フロンティア[\s・]?リラクシー/ius,\n,26,26×2.0(カラー),M.Xソフトカーキ,132800,36.5,9.9,28.5,98,71,48,内装3段,141,\n,750,クラス27標準装備,低床,前輪駆動,20181216
ブリヂストン,,ステップクルーズ e,,ST6B49,\n,2019,/ステップクルーズ[\s・]?e/ius,\n,26,26×1.75,T.Xクロツヤケシ,129800,36.5,9.9,27.4,99,73,48,内装3段,144,\n,765,クラス27標準装備,,前輪駆動,20181216
ブリヂストン,,ステップクルーズ e,,ST6B49,\n,2019,/ステップクルーズ[\s・]?e/ius,\n,26,26×1.75,T.Xマットカーキ,129800,36.5,9.9,27.4,99,73,48,内装3段,144,\n,765,クラス27標準装備,,前輪駆動,20181216
ブリヂストン,,ステップクルーズ e,,ST6B49,\n,2019,/ステップクルーズ[\s・]?e/ius,\n,26,26×1.75,F.Xアクティブレット,129800,36.5,9.9,27.4,99,73,48,内装3段,144,\n,765,クラス27標準装備,,前輪駆動,20181216
ブリヂストン,,ステップクルーズ e,,ST6B49,\n,2019,/ステップクルーズ[\s・]?e/ius,\n,26,26×1.75,E.Xバイオレットブルー,129800,36.5,9.9,27.4,99,73,48,内装3段,144,\n,765,クラス27標準装備,,前輪駆動,20181216
ブリヂストン,,ステップクルーズ e,,ST6B49,\n,2019,/ステップクルーズ[\s・]?e/ius,\n,26,26×1.75,E.Xサニーピンク,129800,36.5,9.9,27.4,99,73,48,内装3段,144,\n,765,クラス27標準装備,,前輪駆動,20181216
ブリヂストン,,ハイディ ツー,,HY6B49,\n,2019,/ハイディ[\s・]?ツー/ius,\n,26,26×1.95,T.Xクロツヤケシ,154800,36.5,9.9,30.9,88,62,41,内装3段,145,157,745,クラス27標準装備,,前輪駆動,20181216
ブリヂストン,,ハイディ ツー,,HY6B49,\n,2019,/ハイディ[\s・]?ツー/ius,\n,26,26×1.95,E.Xホワイト,154800,36.5,9.9,30.9,88,62,41,内装3段,145,157,745,クラス27標準装備,,前輪駆動,20181216
ブリヂストン,,ハイディ ツー,,HY6B49,\n,2019,/ハイディ[\s・]?ツー/ius,\n,26,26×1.95,F.Xアクティブレッド,154800,36.5,9.9,30.9,88,62,41,内装3段,145,157,745,クラス27標準装備,,前輪駆動,20181216
ブリヂストン,,ハイディ ツー,,HY6B49,\n,2019,/ハイディ[\s・]?ツー/ius,\n,26,26×1.95,T.XHネイビー,154800,36.5,9.9,30.9,88,62,41,内装3段,145,157,745,クラス27標準装備,,前輪駆動,20181216
ブリヂストン,,ハイディ ツー,,HY6B49,\n,2019,/ハイディ[\s・]?ツー/ius,\n,26,26×1.95,XHカーキ,154800,36.5,9.9,30.9,88,62,41,内装3段,145,157,745,クラス27標準装備,,前輪駆動,20181216
ブリヂストン,,ハイディ ツー2019年限定モデル,,HC6B49,\n,2019,/ハイディ[\s・]?ツー[\s・]?2019年限定/ius,\n,26,26×2.0,T.Xクロツヤケシ,157800,36.5,9.9,31.6,88,62,41,内装3段,148,160,760,クラス27標準装備,,前輪駆動,20181216
ブリヂストン,,リアルストリーム,,RS6C48,\n,2019,/リアルストリーム/ius,\n,26,26×1.5,T.クロツヤケシ,155800,25.5,15.4,22.5,90,71,60,内装8段,148,\n,795,取付可,,,20181216
ブリヂストン,,リアルストリーム,,RS6C48,\n,2019,/リアルストリーム/ius,\n,26,26×1.5,T.スノーシルバー,155800,25.5,15.4,22.5,90,71,60,内装8段,148,\n,795,取付可,,,20181216
ブリヂストン,,リアルストリーム,,RS6C48,\n,2019,/リアルストリーム/ius,\n,26,26×1.5,E.ソリッドオレンジ,155800,25.5,15.4,22.5,90,71,60,内装8段,148,\n,795,取付可,,,20181216
ブリヂストン,,リアルストリーム ミニ,,RS2C38,\n,2019,/リアルストリーム[\s・]?ミニ/ius,\n,20,20×1-3/8,T.クロツヤケシ,114800,25.5,12.3,21.6,83,65,51,内装3段,144,\n,765,取付可,,,20181216
ブリヂストン,,リアルストリーム ミニ,,RS2C38,\n,2019,/リアルストリーム[\s・]?ミニ/ius,\n,20,20×1-3/8,T.レトログレージュ,114800,25.5,12.3,21.6,83,65,51,内装3段,144,\n,765,取付可,,,20181216
ブリヂストン,,リアルストリーム ミニ,,RS2C38,\n,2019,/リアルストリーム[\s・]?ミニ/ius,\n,20,20×1-3/8,E.ストーンブルー,114800,25.5,12.3,21.6,83,65,51,内装3段,144,\n,765,取付可,,,20181216
ヤマハ,PAS,PAS Ami,,,\n,2018,/PAS.*ami/iu,\n,26,26×1 1/2WO,シアンブルー,114000,25.5,12.3,27.7,76,54,45,内装3段式,147,\n,760,クラス27標準装備,,,20181216
ヤマハ,PAS,PAS Ami,,,\n,2018,/PAS.*ami/iu,\n,26,26×1 1/2WO,サクラピンク,114000,25.5,12.3,27.7,76,54,45,内装3段式,147,\n,760,クラス27標準装備,,,20181216
ヤマハ,PAS,PAS Ami,,,\n,2018,/PAS.*ami/iu,\n,26,26×1 1/2WO,スノーホワイト,114000,25.5,12.3,27.7,76,54,45,内装3段式,147,\n,760,クラス27標準装備,,,20181216
ヤマハ,PAS,PAS Ami,,,\n,2018,/PAS.*ami/iu,\n,26,26×1 1/2WO,Aレッド,114000,25.5,12.3,27.7,76,54,45,内装3段,147,\n,760,クラス27標準装備,,,20181216
ヤマハ,PAS,PAS Ami,,,\n,2018,/PAS.*ami/iu,\n,26,26×1 1/2WO,Sベージュ,114000,25.5,12.3,27.7,76,54,45,内装3段,147,\n,760,クラス27標準装備,,,20181216
ヤマハ,PAS,PAS Ami,,,\n,2018,/PAS.*ami/iu,\n,26,26×1 1/2WO,マットネイビー,114000,25.5,12.3,27.7,76,54,45,内装3段,147,\n,760,クラス27標準装備,,,20181216
ヤマハ,PAS,PAS Ami,,PA26A,20190122,2019,/PAS.*ami/iu,\n,26,26×1 1/2WO,パウダーブルー,116000,25.5,12.3,27.8,76,54,45,内装3段式,147,\n,760,クラス27標準装備,,,20181216
ヤマハ,PAS,PAS Ami,,PA26A,20190122,2019,/PAS.*ami/iu,\n,26,26×1 1/2WO,アースブルー,116000,25.5,12.3,27.8,76,54,45,内装3段式,147,\n,760,クラス27標準装備,,,20181216
ヤマハ,PAS,PAS Ami,,PA26A,20190122,2019,/PAS.*ami/iu,\n,26,26×1 1/2WO,レッド,116000,25.5,12.3,27.8,76,54,45,内装3段式,147,\n,760,クラス27標準装備,,,20181216
ヤマハ,PAS,PAS Ami,,PA26A,20190122,2019,/PAS.*ami/iu,\n,26,26×1 1/2WO,マットブラック,116000,25.5,12.3,27.8,76,54,45,内装3段,147,\n,760,クラス27標準装備,,,20181216
ヤマハ,PAS,PAS Ami,,PA26A,20190122,2019,/PAS.*ami/iu,\n,26,26×1 1/2WO,スノーホワイト,116000,25.5,12.3,27.8,76,54,45,内装3段,147,\n,760,クラス27標準装備,,,20181216
ヤマハ,PAS,PAS Ami,,PA26A,20190122,2019,/PAS.*ami/iu,\n,26,26×1 1/2WO,サクラピンク,116000,25.5,12.3,27.8,76,54,45,内装3段,147,\n,760,クラス27標準装備,,,20181216
ヤマハ,PAS,PAS minä,,,\n,2018,/PAS[\s.]?min[aä]/iu,\n,26,26×1.9HE,シルキーホワイト,122000,25.5,12.3,23.7,83,58,48,内装3段式,145,\n,745,クラス27取付可,,,20181216
ヤマハ,PAS,PAS minä,,,\n,2018,/PAS[\s.]?min[aä]/iu,\n,26,26×1.9HE,シルキーブラック,122000,25.5,12.3,23.7,83,58,48,内装3段式,145,\n,745,クラス27取付可,,,20181216
ヤマハ,PAS,PAS minä,,,\n,2018,/PAS[\s.]?min[aä]/iu,\n,26,26×1.9HE,シルキーブルー,122000,25.5,12.3,23.7,83,58,48,内装3段式,145,\n,745,クラス27取付可,,,20181216
ヤマハ,PAS,PAS minä,,PA26M,20190122,2019,/PAS[\s.]?min[aä]/iu,\n,26,26×1.9HE,シルキーシルバー2,124000,25.5,12.3,23.8,83,58,48,内装3段式,145,\n,745,クラス27取付可,,,20181216
ヤマハ,PAS,PAS minä,,PA26M,20190122,2019,/PAS[\s.]?min[aä]/iu,\n,26,26×1.9HE,シルキーブロンズ,124000,25.5,12.3,23.8,83,58,48,内装3段式,145,\n,745,クラス27取付可,,,20181216
ヤマハ,PAS,PAS minä,,PA26M,20190122,2019,/PAS[\s.]?min[aä]/iu,\n,26,26×1.9HE,シルキーブルー,124000,25.5,12.3,23.8,83,58,48,内装3段式,145,\n,745,クラス27取付可,,,20181216
ヤマハ,PAS Babby,PAS Babby un,,,\n,2018,/pas[\s・]?baby[\s・]?un/iu,\n,20,20×2.125HE,パウダーブルー２,125000,25.5,12.3,27.2,58,50,40,内装3段,142,146,730,クラス27標準装備,低床,,20181216
ヤマハ,PAS Babby,PAS Babby un,,,\n,2018,/pas[\s・]?baby[\s・]?un/iu,\n,20,20×2.125HE,ディープフォレスト,125000,25.5,12.3,27.2,58,50,40,内装3段,142,146,730,クラス27標準装備,低床,,20181216
ヤマハ,PAS Babby,PAS Babby un,,,\n,2018,/pas[\s・]?baby[\s・]?un/iu,\n,20,20×2.125HE,マットブラック,125000,25.5,12.3,27.2,58,50,40,内装3段,142,146,730,クラス27標準装備,低床,,20181216
ヤマハ,PAS Babby,PAS Babby un,,,\n,2018,/pas[\s・]?baby[\s・]?un/iu,\n,20,20×2.125HE,ピュアホワイト,125000,25.5,12.3,27.2,58,50,40,内装3段,142,146,730,クラス27標準装備,低床,,20181216
ヤマハ,PAS Babby,PAS Babby unリヤチャイルドシート標準装備モデル,,,\n,2018,/pas[\s・]?baby[\s・]?un[\s・]?リヤチャイルドシート標準装備モデル/iu,\n,20,20×2.125HE,マットアクシアン,134000,25.5,12.3,30.7,58,50,40,内装3段,142,146,730,クラス27標準装備,低床,,20181216
ヤマハ,PAS Babby,PAS Babby unリヤチャイルドシート標準装備モデル,,,\n,2018,/pas[\s・]?baby[\s・]?un[\s・]?リヤチャイルドシート標準装備モデル/iu,\n,20,20×2.125HE,パウダーブルー,134000,25.5,12.3,30.7,58,50,40,内装3段,142,146,730,クラス27標準装備,低床,,20181216
ヤマハ,PAS Babby,PAS Babby unリヤチャイルドシート標準装備モデル,,,\n,2018,/pas[\s・]?baby[\s・]?un[\s・]?リヤチャイルドシート標準装備モデル/iu,\n,20,20×2.125HE,ディープフォレスト,134000,25.5,12.3,30.7,58,50,40,内装3段,142,146,730,クラス27標準装備,低床,,20181216
ヤマハ,PAS Babby,PAS Babby unリヤチャイルドシート標準装備モデル,,,\n,2018,/pas[\s・]?baby[\s・]?un[\s・]?リヤチャイルドシート標準装備モデル/iu,\n,20,20×2.125HE,ディープレッド,134000,25.5,12.3,30.7,58,50,40,内装3段,142,146,730,クラス27標準装備,低床,,20181216
ヤマハ,PAS Babby,PAS Babby unリヤチャイルドシート標準装備モデル,,,\n,2018,/pas[\s・]?baby[\s・]?un[\s・]?リヤチャイルドシート標準装備モデル/iu,\n,20,20×2.125HE,マットカフェベージュ,134000,25.5,12.3,30.7,58,50,40,内装3段,142,146,730,クラス27標準装備,低床,,20181216
ヤマハ,PAS Babby,PAS Babby unリヤチャイルドシート標準装備モデル,,,\n,2018,/pas[\s・]?baby[\s・]?un[\s・]?リヤチャイルドシート標準装備モデル/iu,\n,20,20×2.125HE,マットブラック,134000,25.5,12.3,30.7,58,50,40,内装3段,142,146,730,クラス27標準装備,低床,,20181216
ヤマハ,PAS Babby,PAS Babby unリヤチャイルドシート標準装備モデル,,,\n,2018,/pas[\s・]?baby[\s・]?un[\s・]?リヤチャイルドシート標準装備モデル/iu,\n,20,20×2.125HE,ピュアホワイト,134000,25.5,12.3,30.7,58,50,40,内装3段,142,146,730,クラス27標準装備,低床,,20181216
ヤマハ,PAS Brace,PAS Brace,,,\n,2018,/pas[\s・]?brace/iu,\n,26,26×1.50HE,マットグラファイト,159000,25.5,15.4,23.1,90,71,60,内装８段,155,\n,810,取付可,,,20181216
ヤマハ,PAS Brace,PAS Brace,,,\n,2018,/pas[\s・]?brace/iu,\n,26,26×1.50HE,クリスタルホワイト,159000,25.5,15.4,23.1,90,71,60,内装８段,155,\n,810,取付可,,,20181216
ヤマハ,PAS Brace,PAS Brace,,,\n,2018,/pas[\s・]?brace/iu,\n,26,26×1.50HE,アースブルー,159000,25.5,15.4,23.1,90,71,60,内装８段,155,\n,810,取付可,,,20181216
ヤマハ,PAS Brace,PAS Brace,,,\n,2018,/pas[\s・]?brace/iu,\n,26,26×1.50HE,リッチレッド,159000,25.5,15.4,23.1,90,71,60,内装８段,155,\n,810,取付可,,,20181216
ヤマハ,PAS CITY,PAS CITY-C,,,\n,2018,/pas[\s・]?city[\s-]?[cＣ]/iu,\n,20,20×1.75HE,クリスタルホワイト,109000,25.5,12.3,21.3,83,61,48,内装3段,139,\n,710,取付可,低床,,20181216
ヤマハ,PAS CITY,PAS CITY-C,,,\n,2018,/pas[\s・]?city[\s-]?[cＣ]/iu,\n,20,20×1.75HE,マットオリーブ,109000,25.5,12.3,21.3,83,61,48,内装3段,139,\n,710,取付可,低床,,20181216
ヤマハ,PAS CITY,PAS CITY-C,,,\n,2018,/pas[\s・]?city[\s-]?[cＣ]/iu,\n,20,20×1.75HE,モダンブルー,109000,25.5,12.3,21.3,83,61,48,内装3段,139,\n,710,取付可,低床,,20181216
ヤマハ,PAS CITY,PAS CITY-C,,,\n,2018,/pas[\s・]?city[\s-]?[cＣ]/iu,\n,20,20×1.75HE,レッド,109000,25.5,12.3,21.3,83,61,48,内装3段,139,\n,710,取付可,低床,,20181216
ヤマハ,PAS CITY,PAS CITY-C,,,20180214,2019,/pas[\s・]?city[\s-]?[cＣ]/iu,\n,20,20×1.75HE,パウダーブルー,111000,25.5,12.3,21.4,83,61,48,内装3段,139,\n,715,取付可,低床,,20181216
ヤマハ,PAS CITY,PAS CITY-C,,,20180214,2019,/pas[\s・]?city[\s-]?[cＣ]/iu,\n,20,20×1.75HE,ワインレッド2,111000,25.5,12.3,21.4,83,61,48,内装3段,139,\n,715,取付可,低床,,20181216
ヤマハ,PAS CITY,PAS CITY-C,,,20180214,2019,/pas[\s・]?city[\s-]?[cＣ]/iu,\n,20,20×1.75HE,スノーホワイト,111000,25.5,12.3,21.4,83,61,48,内装3段,139,\n,715,取付可,低床,,20181216
ヤマハ,PAS CITY,PAS CITY-C,,,20180214,2019,/pas[\s・]?city[\s-]?[cＣ]/iu,\n,20,20×1.75HE,マットオリーブ,111000,25.5,12.3,21.4,83,61,48,内装3段,139,\n,715,取付可,低床,,20181216
ヤマハ,PAS CITY,PAS CITY-S5,,,\n,2018,/pas[\s・]?city[\s-]?sp5/iu,\n,27,27×1 1/2WO,スノーホワイト,109000,25.5,12.3,25.4,69,49,41,内装5段,154,\n,800,クラス27取付可,,,20181216
ヤマハ,PAS CITY,PAS CITY-S5,,,\n,2018,/pas[\s・]?city[\s-]?sp5/iu,\n,27,27×1 1/2WO,ガンメタリック,109000,25.5,12.3,25.4,69,49,41,内装5段,154,\n,800,クラス27取付可,,,20181216
ヤマハ,PAS CITY,PAS CITY-S5,,,\n,2018,/pas[\s・]?city[\s-]?sp5/iu,\n,27,27×1 1/2WO,レッド,109000,25.5,12.3,25.4,69,49,41,内装5段,154,\n,800,クラス27取付可,,,20181216
ヤマハ,PAS CITY,PAS CITY-S5,,PA27CS5,20181215,2019,/pas[\s・]?city[\s-]?sp5/iu,\n,27,27×1 1/2WO,エスニックブルー,111000,25.5,12.3,25.5,69,49,41,内装5段,154,\n,800,クラス27取付可,,,20181216
ヤマハ,PAS CITY,PAS CITY-S5,,PA27CS5,20181215,2019,/pas[\s・]?city[\s-]?sp5/iu,\n,27,27×1 1/2WO,シルバー,111000,25.5,12.3,25.5,69,49,41,内装5段,154,\n,800,クラス27取付可,,,20181216
ヤマハ,PAS CITY,PAS CITY-SP5,,,\n,2018,/pas[\s・]?city[\s-]?sp5/iu,\n,27,27×1 1/2WO,メタル２,116000,25.5,15.4,28,87,62,51,内装5段,154,\n,800,クラス27標準装備,,,20181216
ヤマハ,PAS CITY,PAS CITY-SP5,,,\n,2018,/pas[\s・]?city[\s-]?sp5/iu,\n,27,27×1 1/2WO,ディープブラック,116000,25.5,15.4,28,87,62,51,内装5段,154,\n,800,クラス27標準装備,,,20181216
ヤマハ,PAS CITY,PAS CITY-SP5,,,\n,2018,/pas[\s・]?city[\s-]?sp5/iu,\n,27,27×1 1/2WO,マットモダンブルー,116000,25.5,15.4,28,87,62,51,内装5段,154,\n,800,クラス27標準装備,,,20181216
ヤマハ,PAS CITY,PAS CITY-SP5,,PA27CSP5,20181215,2019,/pas[\s・]?city[\s-]?sp5/iu,\n,27,27×1 1/2WO,ミラーシルバー,118000,25.5,15.4,28.1,87,62,51,内装5段,154,\n,800,クラス27標準装備,,,20181216
ヤマハ,PAS CITY,PAS CITY-SP5,,PA27CSP5,20181215,2019,/pas[\s・]?city[\s-]?sp5/iu,\n,27,27×1 1/2WO,スノーホワイト,118000,25.5,15.4,28.1,87,62,51,内装5段,154,\n,800,クラス27標準装備,,,20181216
ヤマハ,PAS CITY,PAS CITY-SP5,,PA27CSP5,20181215,2019,/pas[\s・]?city[\s-]?sp5/iu,\n,27,27×1 1/2WO,クリスタルブラック,118000,25.5,15.4,28.1,87,62,51,内装5段,154,\n,800,クラス27標準装備,,,20181216
ヤマハ,PAS CITY,PAS CITY-V,,PA24CV,20180913,\n,/pas[\s・]?city[\s-]?[vＶ]/iu,\n,24,24×1.75HE,ミラーシルバー,117000,25.5,12.3,22.1,78,59,48,内装5段,135,\n,685,取付可,,,20181216
ヤマハ,PAS CITY,PAS CITY-V,,PA24CV,20180913,\n,/pas[\s・]?city[\s-]?[vＶ]/iu,\n,24,24×1.75HE,ディープグリーン,117000,25.5,12.3,22.1,78,59,48,内装5段,135,\n,685,取付可,,,20181216
ヤマハ,PAS CITY,PAS CITY-V,,PA24CV,20180913,\n,/pas[\s・]?city[\s-]?[vＶ]/iu,\n,24,24×1.75HE,ルビーレッド,117000,25.5,12.3,22.1,78,59,48,内装5段,135,\n,685,取付可,,,20181216
ヤマハ,PAS CITY,PAS CITY-X,,,\n,2018,/pas[\s・]?city[\s-]?[xx]/iu,\n,20,20 1 3/8 WO,ボルドー,113000,25.5,12.3,21,90,69,54,内装3段,153,\n,795,取付可,,,20181216
ヤマハ,PAS CITY,PAS CITY-X,,,\n,2018,/pas[\s・]?city[\s-]?[xx]/iu,\n,20,21 1 3/8 WO,メタル,113000,25.5,12.3,21,90,69,54,内装3段,153,\n,795,取付可,,,20181216
ヤマハ,PAS CITY,PAS CITY-X,,,\n,2018,/pas[\s・]?city[\s-]?[xx]/iu,\n,20,22 1 3/8 WO,マットグラファイト,113000,25.5,12.3,21,90,69,54,内装3段,153,\n,795,取付可,,,20181216
ヤマハ,PAS CITY,PAS CITY-X,,,\n,2018,/pas[\s・]?city[\s-]?[xx]/iu,\n,20,23 1 3/8 WO,クリスタルホワイト,113000,25.5,12.3,21,90,69,54,内装3段,153,\n,795,取付可,,,20181216
ヤマハ,PAS CITY,PAS CITY-X,,,20180214,2019,/pas[\s・]?city[\s-]?[xx]/iu,\n,20,20 1 3/8 WO,ミラーシルバー２,115000,25.5,12.3,21.1,90,69,54,内装3段,153,\n,795,取付可,,,20181216
ヤマハ,PAS CITY,PAS CITY-X,,,20180214,2019,/pas[\s・]?city[\s-]?[xx]/iu,\n,20,21 1 3/8 WO,ダークメタリックレッド2,115000,25.5,12.3,21.1,90,69,54,内装3段,153,\n,795,取付可,,,20181216
ヤマハ,PAS CITY,PAS CITY-X,,,20180214,2019,/pas[\s・]?city[\s-]?[xx]/iu,\n,20,22 1 3/8 WO,クリスタルブラック,115000,25.5,12.3,21.1,90,69,54,内装3段,153,\n,795,取付可,,,20181216
ヤマハ,PAS Kiss,PAS Kiss mini un,,,\n,2018,/pas[\s・]?kiss[\s・]?mini[\s・]?un/iu,\n,20,20×2.125HE,ビビッドレッド,140000,25.5,12.3,30.3,60,49,40,内装3段,142,146,730,クラス27標準装備,低床,,20181216
ヤマハ,PAS Kiss,PAS Kiss mini un,,,\n,2018,/pas[\s・]?kiss[\s・]?mini[\s・]?un/iu,\n,20,20×2.125HE,ピュアパールホワイト,140000,25.5,12.3,30.3,60,49,40,内装3段,142,146,730,クラス27標準装備,低床,,20181216
ヤマハ,PAS Kiss,PAS Kiss mini un,,,\n,2018,/pas[\s・]?kiss[\s・]?mini[\s・]?un/iu,\n,20,20×2.125HE,マットブラック2,140000,25.5,12.3,30.3,60,49,40,内装3段,142,146,730,クラス27標準装備,低床,,20181216
ヤマハ,PAS Kiss,PAS Kiss mini un,,,\n,2018,/pas[\s・]?kiss[\s・]?mini[\s・]?un/iu,\n,20,20×2.125HE,アクアシアン,140000,25.5,12.3,30.3,60,49,40,内装3段,142,146,730,クラス27標準装備,低床,,20181216
ヤマハ,PAS Kiss,PAS Kiss mini un,,,\n,2018,/pas[\s・]?kiss[\s・]?mini[\s・]?un/iu,\n,20,20×2.125HE,ディープフォレスト,140000,25.5,12.3,30.3,60,49,40,内装3段,142,146,730,クラス27標準装備,低床,,20181216
ヤマハ,PAS Kiss,PAS Kiss mini un,,,\n,2018,/pas[\s・]?kiss[\s・]?mini[\s・]?un/iu,\n,20,20×2.125HE,ブラック／グリーン,140000,25.5,12.3,30.3,60,49,40,内装3段,142,146,730,クラス27標準装備,低床,,20181216
ヤマハ,PAS Kiss,PAS Kiss mini un,,,\n,2018,/pas[\s・]?kiss[\s・]?mini[\s・]?un/iu,\n,20,20×2.125HE,グレー／イエロー,140000,25.5,12.3,30.3,60,49,40,内装3段,142,146,730,クラス27標準装備,低床,,20181216
ヤマハ,PAS SION,PAS SION-U,,,\n,2018,/pas[\s・]?sion[\s-]?u/iu,\n,20,20×1.75HE,レッド,112000,25.5,12.3,22.2,72,\n,49,内装3段,133,\n,670,標準装備,低床,,20181216
ヤマハ,PAS SION,PAS SION-U,,,\n,2018,/pas[\s・]?sion[\s-]?u/iu,\n,20,20×1.75HE,アイボリー,112000,25.5,12.3,22.2,72,\n,49,内装3段,133,\n,670,標準装備,低床,,20181216
ヤマハ,PAS SION,PAS SION-U,,,\n,2018,/pas[\s・]?sion[\s-]?u/iu,\n,20,20×1.75HE,アースブルー,112000,25.5,12.3,22.2,72,\n,49,内装3段,133,\n,670,標準装備,低床,,20181216
ヤマハ,PAS SION,PAS SION-U,,,\n,2018,/pas[\s・]?sion[\s-]?u/iu,\n,20,20×1.75HE,ビンテージブロンズ,112000,25.5,12.3,22.2,72,\n,49,内装3段,133,\n,670,標準装備,低床,,20181216
ヤマハ,PAS SION,PAS SION-U,,,\n,2018,/pas[\s・]?sion[\s-]?u/iu,\n,24,24×1 1/2WO,アースブルー,112000,25.5,12.3,23.8,72,\n,52,内装3段,142,\n,725,標準装備,低床,,20181216
ヤマハ,PAS SION,PAS SION-U,,,\n,2018,/pas[\s・]?sion[\s-]?u/iu,\n,24,24×1 1/2WO,レッド,112000,25.5,12.3,23.8,72,\n,52,内装3段,142,\n,725,標準装備,低床,,20181216
ヤマハ,PAS SION,PAS SION-U,,,\n,2018,/pas[\s・]?sion[\s-]?u/iu,\n,24,24×1 1/2WO,アイボリー,112000,25.5,12.3,23.8,72,\n,52,内装3段,142,\n,725,標準装備,低床,,20181216
ヤマハ,PAS SION,PAS SION-U,,,\n,2018,/pas[\s・]?sion[\s-]?u/iu,\n,26,26×1 1/2WO,アースブルー,112000,25.5,12.3,24.4,72,\n,52,内装3段,145,\n,745,標準装備,低床,,20181216
ヤマハ,PAS SION,PAS SION-U,,,\n,2018,/pas[\s・]?sion[\s-]?u/iu,\n,26,26×1 1/2WO,レッド,112000,25.5,12.3,24.4,72,\n,52,内装3段,145,\n,745,標準装備,低床,,20181216
ヤマハ,PAS SION,PAS SION-U,,,\n,2018,/pas[\s・]?sion[\s-]?u/iu,\n,26,26×1 1/2WO,アイボリー,112000,25.5,12.3,24.4,72,\n,52,内装3段,145,\n,745,標準装備,低床,,20181216
ヤマハ,PAS VIENTA,PAS VIENTA5,,,\n,2018,/pas[\s・]?vienta5/iu,\n,26,26×1.50HE,ビターオレンジ,129000,25.5,12.3,20.9,74,54,45,内装5段,149,\n,770,取付可,,,20181216
ヤマハ,PAS VIENTA,PAS VIENTA5,,,\n,2018,/pas[\s・]?vienta5/iu,\n,26,26×1.50HE,エスニックブルー,129000,25.5,12.3,20.9,74,54,45,内装5段,149,\n,770,取付可,,,20181216
ヤマハ,PAS VIENTA,PAS VIENTA5,,,\n,2018,/pas[\s・]?vienta5/iu,\n,26,26×1.50HE,マットブラック,129000,25.5,12.3,20.9,74,54,45,内装5段,149,\n,770,取付可,,,20181216
ヤマハ,PAS VIENTA,PAS VIENTA5,,,\n,2018,/pas[\s・]?vienta5/iu,\n,26,26×1.50HE,シルキーホワイト,129000,25.5,12.3,20.9,74,54,45,内装5段,149,\n,770,取付可,,,20181216
ヤマハ,PAS With,PAS With,,,\n,2018,/pas[\s・]?with.*[dＤsＳ][xＸpＰ]/iu,\n,24,24×1 1/2WO,ダークメタリックブラウン,110000,25.5,12.3,25.3,76,56,48,内装3段,141,\n,720,クラス27標準装備,低床,,20181216
ヤマハ,PAS With,PAS With,,,\n,2018,/pas[\s・]?with.*[dＤsＳ][xＸpＰ]/iu,\n,24,24×1 1/2WO,ダークメタリックブルー,110000,25.5,12.3,25.3,76,56,48,内装3段,141,\n,720,クラス27標準装備,低床,,20181216
ヤマハ,PAS With,PAS With,,,\n,2018,/pas[\s・]?with.*[dＤsＳ][xＸpＰ]/iu,\n,24,24×1 1/2WO,ピュアパールホワイト,110000,25.5,12.3,25.3,76,56,48,内装3段,141,\n,720,クラス27標準装備,低床,,20181216
ヤマハ,PAS With,PAS With,,,\n,2018,/pas[\s・]?with.*[dＤsＳ][xＸpＰ]/iu,\n,24,24×1 1/2WO,ピュアシルバー,110000,25.5,12.3,25.3,76,56,48,内装3段,141,\n,720,クラス27標準装備,低床,,20181216
ヤマハ,PAS With,PAS With,,,\n,2018,/pas[\s・]?with.*[dＤsＳ][xＸpＰ]/iu,\n,24,24×1 1/2WO,ビビッドレッド,110000,25.5,12.3,25.3,76,56,48,内装3段,141,\n,720,クラス27標準装備,低床,,20181216
ヤマハ,PAS With,PAS With,,,\n,2018,/pas[\s・]?with.*[dＤsＳ][xＸpＰ]/iu,\n,26,26×1 1/2WO,ライムグリーン,110000,25.5,12.3,26,76,56,48,内装3段,145,\n,745,クラス27標準装備,低床,,20181216
ヤマハ,PAS With,PAS With,,,\n,2018,/pas[\s・]?with.*[dＤsＳ][xＸpＰ]/iu,\n,26,26×1 1/2WO,アクシアン,110000,25.5,12.3,26,76,56,48,内装3段,145,\n,745,クラス27標準装備,低床,,20181216
ヤマハ,PAS With,PAS With,,,\n,2018,/pas[\s・]?with.*[dＤsＳ][xＸpＰ]/iu,\n,26,26×1 1/2WO,ダークメタリックブラウン,110000,25.5,12.3,26,76,56,48,内装3段,145,\n,745,クラス27標準装備,低床,,20181216
ヤマハ,PAS With,PAS With,,,\n,2018,/pas[\s・]?with.*[dＤsＳ][xＸpＰ]/iu,\n,26,26×1 1/2WO,ダークメタリックブルー,110000,25.5,12.3,26,76,56,48,内装3段,145,\n,745,クラス27標準装備,低床,,20181216
ヤマハ,PAS With,PAS With,,,\n,2018,/pas[\s・]?with.*[dＤsＳ][xＸpＰ]/iu,\n,26,26×1 1/2WO,ピュアパールホワイト,110000,25.5,12.3,26,76,56,48,内装3段,145,\n,745,クラス27標準装備,低床,,20181216
ヤマハ,PAS With,PAS With,,,\n,2018,/pas[\s・]?with.*[dＤsＳ][xＸpＰ]/iu,\n,26,26×1 1/2WO,ピュアシルバー,110000,25.5,12.3,26,76,56,48,内装3段,145,\n,745,クラス27標準装備,低床,,20181216
ヤマハ,PAS With,PAS With,,,\n,2018,/pas[\s・]?with.*[dＤsＳ][xＸpＰ]/iu,\n,26,26×1 1/2WO,ビビッドレッド,110000,25.5,12.3,26,76,56,48,内装3段,145,\n,745,クラス27標準装備,低床,,20181216
ヤマハ,PAS With,PAS With,,PA24W,20181225,2019,/pas[\s・]?with.*[dＤsＳ][xＸpＰ]/iu,\n,24,24×1 1/2WO,ダークメタリックブラウン,110000,25.5,12.3,25.5,76,56,48,内装3段,141,\n,720,クラス27標準装備,低床,,20181216
ヤマハ,PAS With,PAS With,,PA24W,20181225,2019,/pas[\s・]?with.*[dＤsＳ][xＸpＰ]/iu,\n,24,24×1 1/2WO,ダークメタリックブルー,110000,25.5,12.3,25.5,76,56,48,内装3段,141,\n,720,クラス27標準装備,低床,,20181216
ヤマハ,PAS With,PAS With,,PA24W,20181225,2019,/pas[\s・]?with.*[dＤsＳ][xＸpＰ]/iu,\n,24,24×1 1/2WO,ピュアシルバー,110000,25.5,12.3,25.5,76,56,48,内装3段,141,\n,720,クラス27標準装備,低床,,20181216
ヤマハ,PAS With,PAS With,,PA24W,20181225,2019,/pas[\s・]?with.*[dＤsＳ][xＸpＰ]/iu,\n,24,24×1 1/2WO,アクシアン,110000,25.5,12.3,25.5,76,56,48,内装3段,141,\n,720,クラス27標準装備,低床,,20181216
ヤマハ,PAS With,PAS With,,PA24W,20181225,2019,/pas[\s・]?with.*[dＤsＳ][xＸpＰ]/iu,\n,24,24×1 1/2WO,ライムグリーン,110000,25.5,12.3,25.5,76,56,48,内装3段,141,\n,720,クラス27標準装備,低床,,20181216
ヤマハ,PAS With,PAS With,,PA24W,20181225,2019,/pas[\s・]?with.*[dＤsＳ][xＸpＰ]/iu,\n,24,24×1 1/2WO,ビビッドマットオレンジ,110000,25.5,12.3,25.5,76,56,48,内装3段,141,\n,720,クラス27標準装備,低床,,20181216
ヤマハ,PAS With,PAS With,,PA26W,20181225,2019,/pas[\s・]?with.*[dＤsＳ][xＸpＰ]/iu,\n,26,26×1 1/2WO,ライムグリーン,110000,25.5,12.3,26.2,76,56,48,内装3段,145,\n,745,クラス27標準装備,低床,,20181216
ヤマハ,PAS With,PAS With,,PA26W,20181225,2019,/pas[\s・]?with.*[dＤsＳ][xＸpＰ]/iu,\n,26,26×1 1/2WO,アクシアン,110000,25.5,12.3,26.2,76,56,48,内装3段,145,\n,745,クラス27標準装備,低床,,20181216
ヤマハ,PAS With,PAS With,,PA26W,20181225,2019,/pas[\s・]?with.*[dＤsＳ][xＸpＰ]/iu,\n,26,26×1 1/2WO,ダークメタリックブラウン,110000,25.5,12.3,26.2,76,56,48,内装3段,145,\n,745,クラス27標準装備,低床,,20181216
ヤマハ,PAS With,PAS With,,PA26W,20181225,2019,/pas[\s・]?with.*[dＤsＳ][xＸpＰ]/iu,\n,26,26×1 1/2WO,ダークメタリックブルー,110000,25.5,12.3,26.2,76,56,48,内装3段,145,\n,745,クラス27標準装備,低床,,20181216
ヤマハ,PAS With,PAS With,,PA26W,20181225,2019,/pas[\s・]?with.*[dＤsＳ][xＸpＰ]/iu,\n,26,26×1 1/2WO,ピュアパールホワイト,110000,25.5,12.3,26.2,76,56,48,内装3段,145,\n,745,クラス27標準装備,低床,,20181216
ヤマハ,PAS With,PAS With,,PA26W,20181225,2019,/pas[\s・]?with.*[dＤsＳ][xＸpＰ]/iu,\n,26,26×1 1/2WO,ピュアシルバー,110000,25.5,12.3,26.2,76,56,48,内装3段,145,\n,745,クラス27標準装備,低床,,20181216
ヤマハ,PAS With,PAS With,,PA26W,20181225,2019,/pas[\s・]?with.*[dＤsＳ][xＸpＰ]/iu,\n,26,26×1 1/2WO,ビビッドマットオレンジ,110000,25.5,12.3,26.2,76,56,48,内装3段,145,\n,745,クラス27標準装備,低床,,20181216
ヤマハ,PAS With,PAS With DX,,,\n,2018,/pas[\s・]?with[\s・]?dx/iu,\n,24,24×1 1/2WO,グレイッシュブルー,113000,25.5,12.3,26.6,76,56,48,内装3段,141,\n,720,クラス27標準装備,低床,,20181216
ヤマハ,PAS With,PAS With DX,,,\n,2018,/pas[\s・]?with[\s・]?dx/iu,\n,24,24×1 1/2WO,ディープフォレスト,113000,25.5,12.3,26.6,76,56,48,内装3段,141,\n,720,クラス27標準装備,低床,,20181216
ヤマハ,PAS With,PAS With DX,,,\n,2018,/pas[\s・]?with[\s・]?dx/iu,\n,24,24×1 1/2WO,ピュアホワイト,113000,25.5,12.3,26.6,76,56,48,内装3段,141,\n,720,クラス27標準装備,低床,,20181216
ヤマハ,PAS With,PAS With DX,,,\n,2018,/pas[\s・]?with[\s・]?dx/iu,\n,24,24×1 1/2WO,マットブラック２,113000,25.5,12.3,26.6,76,56,48,内装3段,141,\n,720,クラス27標準装備,低床,,20181216
ヤマハ,PAS With,PAS With DX,,,\n,2018,/pas[\s・]?with[\s・]?dx/iu,\n,24,24×1 1/2WO,ダークメタリックブラウン,113000,25.5,12.3,26.6,76,56,48,内装3段,141,\n,720,クラス27標準装備,低床,,20181216
ヤマハ,PAS With,PAS With DX,,,\n,2018,/pas[\s・]?with[\s・]?dx/iu,\n,26,26×1 1/2WO,グレイッシュブルー,113000,25.5,12.3,27.2,76,56,48,内装3段,145,\n,745,クラス27標準装備,低床,,20181216
ヤマハ,PAS With,PAS With DX,,,\n,2018,/pas[\s・]?with[\s・]?dx/iu,\n,26,26×1 1/2WO,ワインレッド,113000,25.5,12.3,27.2,76,56,48,内装3段,145,\n,745,クラス27標準装備,低床,,20181216
ヤマハ,PAS With,PAS With DX,,,\n,2018,/pas[\s・]?with[\s・]?dx/iu,\n,26,26×1 1/2WO,コーラルピンク,113000,25.5,12.3,27.2,76,56,48,内装3段,145,\n,745,クラス27標準装備,低床,,20181216
ヤマハ,PAS With,PAS With DX,,,\n,2018,/pas[\s・]?with[\s・]?dx/iu,\n,26,26×1 1/2WO,ディープフォレスト,113000,25.5,12.3,27.2,76,56,48,内装3段,145,\n,745,クラス27標準装備,低床,,20181216
ヤマハ,PAS With,PAS With DX,,,\n,2018,/pas[\s・]?with[\s・]?dx/iu,\n,26,26×1 1/2WO,ピュアホワイト,113000,25.5,12.3,27.2,76,56,48,内装3段,145,\n,745,クラス27標準装備,低床,,20181216
ヤマハ,PAS With,PAS With DX,,,\n,2018,/pas[\s・]?with[\s・]?dx/iu,\n,26,26×1 1/2WO,マットブラック２,113000,25.5,12.3,27.2,76,56,48,内装3段,145,\n,745,クラス27標準装備,低床,,20181216
ヤマハ,PAS With,PAS With DX,,,\n,2018,/pas[\s・]?with[\s・]?dx/iu,\n,26,26×1 1/2WO,ダークメタリックブラウン,113000,25.5,12.3,27.2,76,56,48,内装3段,145,\n,745,クラス27標準装備,低床,,20181216
ヤマハ,PAS With,PAS With DX,,PA24WDX,20181225,2019,/pas[\s・]?with[\s・]?dx/iu,\n,24,24×1 1/2WO,パウダーブルー2,115000,25.5,12.3,26.7,76,56,48,内装3段,141,\n,720,クラス27標準装備,低床,,20181216
ヤマハ,PAS With,PAS With DX,,PA24WDX,20181225,2019,/pas[\s・]?with[\s・]?dx/iu,\n,24,24×1 1/2WO,マットカフェベージュ,115000,25.5,12.3,26.7,76,56,48,内装3段,141,\n,720,クラス27標準装備,低床,,20181216
ヤマハ,PAS With,PAS With DX,,PA24WDX,20181225,2019,/pas[\s・]?with[\s・]?dx/iu,\n,24,24×1 1/2WO,マットブラック２,115000,25.5,12.3,26.7,76,56,48,内装3段,141,\n,720,クラス27標準装備,低床,,20181216
ヤマハ,PAS With,PAS With DX,,PA24WDX,20181225,2019,/pas[\s・]?with[\s・]?dx/iu,\n,24,24×1 1/2WO,ピュアホワイト,115000,25.5,12.3,26.7,76,56,48,内装3段,141,\n,720,クラス27標準装備,低床,,20181216
ヤマハ,PAS With,PAS With DX,,PA26WDX,20181225,2019,/pas[\s・]?with[\s・]?dx/iu,\n,26,26×1 1/2WO,パウダーブルー2,115000,25.5,12.3,27.3,76,56,48,内装3段,145,\n,745,クラス27標準装備,低床,,20181216
ヤマハ,PAS With,PAS With DX,,PA26WDX,20181225,2019,/pas[\s・]?with[\s・]?dx/iu,\n,26,26×1 1/2WO,マットカフェベージュ,115000,25.5,12.3,27.3,76,56,48,内装3段,145,\n,745,クラス27標準装備,低床,,20181216
ヤマハ,PAS With,PAS With DX,,PA26WDX,20181225,2019,/pas[\s・]?with[\s・]?dx/iu,\n,26,26×1 1/2WO,マットブラック２,115000,25.5,12.3,27.3,76,56,48,内装3段,145,\n,745,クラス27標準装備,低床,,20181216
ヤマハ,PAS With,PAS With DX,,PA26WDX,20181225,2019,/pas[\s・]?with[\s・]?dx/iu,\n,26,26×1 1/2WO,ピュアホワイト,115000,25.5,12.3,27.3,76,56,48,内装3段,145,\n,745,クラス27標準装備,低床,,20181216
ヤマハ,PAS With,PAS With DX,,PA26WDX,20181225,2019,/pas[\s・]?with[\s・]?dx/iu,\n,26,26×1 1/2WO,ワインレッド,115000,25.5,12.3,27.3,76,56,48,内装3段,145,\n,745,クラス27標準装備,低床,,20181216
ヤマハ,PAS With,PAS With DX,,PA26WDX,20181225,2019,/pas[\s・]?with[\s・]?dx/iu,\n,26,26×1 1/2WO,ディープフォレスト,115000,25.5,12.3,27.3,76,56,48,内装3段,145,\n,745,クラス27標準装備,低床,,20181216
ヤマハ,PAS With,PAS With SP,,,\n,2018,/pas[\s・]?with[\s・]?sp/iu,\n,24,24×1 1/2WO,ディープバイオレット,139000,25.5,15.4,26.7,100,70,59,内装3段,141,\n,720,クラス27標準装備,低床,,20181216
ヤマハ,PAS With,PAS With SP,,,\n,2018,/pas[\s・]?with[\s・]?sp/iu,\n,24,24×1 1/2WO,ダークメタリックレッド,139000,25.5,15.4,26.7,100,70,59,内装3段,141,\n,720,クラス27標準装備,低床,,20181216
ヤマハ,PAS With,PAS With SP,,,\n,2018,/pas[\s・]?with[\s・]?sp/iu,\n,24,24×1 1/2WO,シャンパンシルバー,139000,25.5,15.4,26.7,100,70,59,内装3段,141,\n,720,クラス27標準装備,低床,,20181216
ヤマハ,PAS With,PAS With SP,,,\n,2018,/pas[\s・]?with[\s・]?sp/iu,\n,26,26×1 1/2WO,ディープバイオレット,139000,25.5,15.4,27.4,100,70,59,内装3段,145,\n,745,クラス27標準装備,低床,,20181216
ヤマハ,PAS With,PAS With SP,,,\n,2018,/pas[\s・]?with[\s・]?sp/iu,\n,26,26×1 1/2WO,マットダークグリーン,139000,25.5,15.4,27.4,100,70,59,内装3段,145,\n,745,クラス27標準装備,低床,,20181216
ヤマハ,PAS With,PAS With SP,,,\n,2018,/pas[\s・]?with[\s・]?sp/iu,\n,26,26×1 1/2WO,ブロンズメタリック,139000,25.5,15.4,27.4,100,70,59,内装3段,145,\n,745,クラス27標準装備,低床,,20181216
ヤマハ,PAS With,PAS With SP,,,\n,2018,/pas[\s・]?with[\s・]?sp/iu,\n,26,26×1 1/2WO,ダークメタリックレッド,139000,25.5,15.4,27.4,100,70,59,内装3段,145,\n,745,クラス27標準装備,低床,,20181216
ヤマハ,PAS With,PAS With SP,,,\n,2018,/pas[\s・]?with[\s・]?sp/iu,\n,26,26×1 1/2WO,シャンパンシルバー,139000,25.5,15.4,27.4,100,70,59,内装3段,145,\n,745,クラス27標準装備,低床,,20181216
ヤマハ,PAS With,PAS With SP,,PA24WSP,20181225,2019,/pas[\s・]?with[\s・]?sp/iu,\n,24,24×1 1/2WO,マットダークグリーン,139000,25.5,15.4,26.8,100,70,59,内装3段,141,\n,720,クラス27標準装備,低床,,20181216
ヤマハ,PAS With,PAS With SP,,PA24WSP,20181225,2019,/pas[\s・]?with[\s・]?sp/iu,\n,24,24×1 1/2WO,ブロンズメタリック,139000,25.5,15.4,26.8,100,70,59,内装3段,141,\n,720,クラス27標準装備,低床,,20181216
ヤマハ,PAS With,PAS With SP,,PA26WSP,20181225,2019,/pas[\s・]?with[\s・]?sp/iu,\n,26,26×1 1/2WO,マットダークグリーン,139000,25.5,15.4,27.5,100,70,59,内装3段,145,\n,745,クラス27標準装備,低床,,20181216
ヤマハ,PAS With,PAS With SP,,PA26WSP,20181225,2019,/pas[\s・]?with[\s・]?sp/iu,\n,26,26×1 1/2WO,ブロンズメタリック,139000,25.5,15.4,27.5,100,70,59,内装3段,145,\n,745,クラス27標準装備,低床,,20181216
ヤマハ,PAS With,PAS With SP,,PA26WSP,20181225,2019,/pas[\s・]?with[\s・]?sp/iu,\n,26,26×1 1/2WO,ダークメタリックレッド,139000,25.5,15.4,27.5,100,70,59,内装3段,145,\n,745,クラス27標準装備,低床,,20181216
ヤマハ,PAS With,PAS With SP,,PA26WSP,20181225,2019,/pas[\s・]?with[\s・]?sp/iu,\n,26,26×1 1/2WO,グレーメタリック,139000,25.5,15.4,27.5,100,70,59,内装3段,145,\n,745,クラス27標準装備,低床,,20181216
ヤマハ,PAS ナチュラ,PAS ナチュラM,,PA24NM,\n,2019,/pas[\s・]?ナチュラ[\s・]?M/iu,\n,24,24×1 3/8WO,ミラーシルバー,93000,25.5,6.2,22.8,36,25,21,内装3段,141,\n,720,クラス27標準装備,低床,,20181216
ヤマハ,PAS ナチュラ,PAS ナチュラM,,PA24NM,\n,2019,/pas[\s・]?ナチュラ[\s・]?M/iu,\n,24,24×1 3/8WO,レッド,93000,25.5,6.2,22.8,36,25,21,内装3段,141,\n,720,クラス27標準装備,低床,,20181216
ヤマハ,PAS ナチュラ,PAS ナチュラM,,PA26NM,\n,2019,/pas[\s・]?ナチュラ[\s・]?M/iu,\n,26,26×1 3/8WO,ミラーシルバー,93000,25.5,6.2,23.6,36,25,21,内装3段,144,\n,740,クラス27標準装備,低床,,20181216
ヤマハ,PAS ナチュラ,PAS ナチュラM,,PA26NM,\n,2019,/pas[\s・]?ナチュラ[\s・]?M/iu,\n,26,26×1 3/8WO,クリスタルブラック,93000,25.5,6.2,23.6,36,25,21,内装3段,144,\n,740,クラス27標準装備,低床,,20181216
ヤマハ,PAS ナチュラ,PAS ナチュラM,,PA26NM,\n,2019,/pas[\s・]?ナチュラ[\s・]?M/iu,\n,26,26×1 3/8WO,ディープグリーン,93000,25.5,6.2,23.6,36,25,21,内装3段,144,\n,740,クラス27標準装備,低床,,20181216
ヤマハ,PAS ナチュラ,PAS ナチュラM,,PA26NM,\n,2019,/pas[\s・]?ナチュラ[\s・]?M/iu,\n,26,26×1 3/8WO,レッド,93000,25.5,6.2,23.6,36,25,21,内装3段,144,\n,740,クラス27標準装備,低床,,20181216
ヤマハ,PAS ナチュラ,PAS ナチュラM,,PA24NM,\n,2017,/pas[\s・]?ナチュラ[\s・]?M/iu,\n,24,24×1 3/8WO,リッチレッド,93000,25.5,6.2,22.8,36,25,21,内装3段,141,\n,720,クラス27標準装備,低床,,20181216
ヤマハ,PAS ナチュラ,PAS ナチュラM,,PA24NM,\n,2017,/pas[\s・]?ナチュラ[\s・]?M/iu,\n,24,24×1 3/8WO,カラメルブラウン,93000,25.5,6.2,22.8,36,25,21,内装3段,141,\n,720,クラス27標準装備,低床,,20181216
ヤマハ,PAS ナチュラ,PAS ナチュラM,,PA24NM,\n,2017,/pas[\s・]?ナチュラ[\s・]?M/iu,\n,24,24×1 3/8WO,シルバー,93000,25.5,6.2,22.8,36,25,21,内装3段,141,\n,740,クラス27標準装備,低床,,20181216
ヤマハ,PAS ナチュラ,PAS ナチュラM,,PA26NM,\n,2017,/pas[\s・]?ナチュラ[\s・]?M/iu,\n,26,26×1 3/8WO,リッチレッド,93000,25.5,6.2,23.6,36,25,21,内装3段,144,\n,740,クラス27標準装備,低床,,20181216
ヤマハ,PAS ナチュラ,PAS ナチュラM,,PA26NM,\n,2017,/pas[\s・]?ナチュラ[\s・]?M/iu,\n,26,26×1 3/8WO,カラメルブラウン,93000,25.5,6.2,23.6,36,25,21,内装3段,144,\n,740,クラス27標準装備,低床,,20181216
ヤマハ,PAS ナチュラ,PAS ナチュラM,,PA26NM,\n,2017,/pas[\s・]?ナチュラ[\s・]?M/iu,\n,26,26×1 3/8WO,アースブルー,93000,25.5,6.2,23.6,36,25,21,内装3段,144,\n,740,クラス27標準装備,低床,,20181216
ヤマハ,PAS ナチュラ,PAS ナチュラM,,PA26NM,\n,2017,/pas[\s・]?ナチュラ[\s・]?M/iu,\n,26,26×1 3/8WO,シルバー,93000,25.5,6.2,23.6,36,25,21,内装3段,144,\n,740,クラス27標準装備,低床,,20181216
ヤマハ,PAS ナチュラ,PAS ナチュラM,,PA26NM,\n,2017,/pas[\s・]?ナチュラ[\s・]?M/iu,\n,26,26×1 3/8WO,アッシュゴールド,93000,25.5,6.2,23.6,36,25,21,内装3段,144,\n,740,クラス27標準装備,低床,,20181216
ヤマハ,PAS ナチュラ,PAS ナチュラM,,PA26NM,\n,2017,/pas[\s・]?ナチュラ[\s・]?M/iu,\n,26,26×1 3/8WO,ターコイズ,93000,25.5,6.2,23.6,36,25,21,内装3段,144,\n,740,クラス27標準装備,低床,,20181216
ヤマハ,PAS ナチュラ,PAS ナチュラXL,あさひ限定,,\n,2018,/pas[\s・]?ナチュラ[\s・]?XL[\s・]?リミテッド/iu,\n,26,26×1 1/2WO,アイボリー,,25.5,12.3,25.6,76,54,45,内装3段,144,\n,740,クラス27標準装備,低床,,20181216
ヤマハ,PAS ナチュラ,PAS ナチュラXL LTD,,PA26DGLC8J,\n,2018,/pas[\s・]?ナチュラ[\s・]?XL[\s・]?LTD/iu,\n,26,26×1 1/2WO,ゴールド,,25.5,12.3,26.3,76,54,45,内装3段,142,\n,740,クラス27標準装備,低床,,20181216
ヤマハ,PAS ナチュラ,PAS ナチュラXL LTD,,PA26DGLC8J,\n,2018,/pas[\s・]?ナチュラ[\s・]?XL[\s・]?LTD/iu,\n,26,26×1 1/2WO,レッド,,25.5,12.3,26.3,76,54,45,内装3段,142,\n,740,クラス27標準装備,低床,,20181216
ヤマハ,PAS ナチュラ,PAS ナチュラXL LTD,,PA26DGLC8J,\n,2018,/pas[\s・]?ナチュラ[\s・]?XL[\s・]?LTD/iu,\n,26,26×1 1/2WO,ブラック,,25.5,12.3,26.3,76,54,45,内装3段,142,\n,740,クラス27標準装備,低床,,20181216
ヤマハ,PAS ナチュラ,PAS ナチュラXLリミテッド,イオン限定,PA26DGLC8J,\n,2018,/pas[\s・]?ナチュラ[\s・]?XL[\s・]?リミテッド/iu,\n,26,,レッド,,25.5,12.3,25.6,76,54,45,内装3段,144,\n,740,クラス27標準装備,低床,,20181216
丸石,,アーバニティクロス アシスト,,ASAP277B,\n,2018,,\n,27,,マットブラック,99800,36,4.3,24,38,26,23,外装7段,\n,\n,810,取付可,,前輪駆動,20181216
丸石,,アーバニティクロス アシスト,,ASAP277B,\n,2018,,\n,27,,マットライトグレー,99800,36,4.3,24,38,26,23,外装7段,\n,\n,810,取付可,,前輪駆動,20181216
丸石,,ココッティ アシスト,,ASCCY203B,\n,2018,,\n,20,,マットレッド,99800,36,4.3,27.6,30,23,20,内装3段,140,150,810,クラス27標準装備,低床,前輪駆動,20181216
丸石,,ココッティ アシスト,,ASCCY203B,\n,2018,,\n,20,,マットミント,99800,36,4.3,27.6,30,23,20,内装3段,140,150,810,クラス27標準装備,低床,前輪駆動,20181216
丸石,,ココッティ アシスト,,ASCCY203B,\n,2018,,\n,20,,ダークグレーメタリック,99800,36,4.3,27.6,30,23,20,内装3段,140,150,810,クラス27標準装備,低床,前輪駆動,20181216
丸石,,ココッティ アシスト リヤシート付きモデル,, ASCCY203B-R,\n,2018,,\n,20,,マットレッド,109800,36,4.3,31.2,\n,\n,\n,内装3段,140,150,810,クラス27標準装備,低床,前輪駆動,20181216
丸石,,ココッティ アシスト リヤシート付きモデル,, ASCCY203B-R,\n,2018,,\n,20,,マットミント,109800,36,4.3,31.2,\n,\n,\n,内装3段,140,150,810,クラス27標準装備,低床,前輪駆動,20181216
丸石,,ココッティ アシスト リヤシート付きモデル,, ASCCY203B-R,\n,2018,,\n,20,,ダークグレーメタリック,109800,36,4.3,31.2,\n,\n,\n,内装3段,140,150,810,クラス27標準装備,低床,前輪駆動,20181216
丸石,ふらっか〜ず,ふらっか～ずアクティブ アシスト,,ASFRPP203B,\n,2018,,\n,20,,エナメルブラック,118000,36,4.3,30.9,30,23,20,内装3段,140,150,750,クラス27標準装備,低床,前輪駆動,20181216
丸石,ふらっか〜ず,ふらっか～ずアクティブ アシスト,,ASFRPP203B,\n,2018,,\n,20,,ブラウニーレッド,118000,36,4.3,30.9,30,23,20,内装3段,140,150,750,クラス27標準装備,低床,前輪駆動,20181216
丸石,ふらっか〜ず,ふらっか～ずアクティブ アシスト,,ASFRPP203B,\n,2018,,\n,20,,パールホワイト,118000,36,4.3,30.9,30,23,20,内装3段,140,150,750,クラス27標準装備,低床,前輪駆動,20181216
丸石,ふらっか〜ず,ふらっか～ずキュート アシスト,,ASFRQ263B,\n,2018,,\n,26,,インクブルー,99800,36,4.3,28.8,37,25,22,内装3段,140,\n,\n,クラス27標準装備,低床,前輪駆動,20181216
丸石,ふらっか〜ず,ふらっか～ずキュート アシスト,,ASFRQ263B,\n,2018,,\n,26,,ダークグレーメタリック,99800,36,4.3,28.8,37,25,22,内装3段,140,\n,\n,クラス27標準装備,低床,前輪駆動,20181216
丸石,ふらっか〜ず,ふらっか～ずキュート アシスト,,ASFRQ263B,\n,2018,,\n,26,,ブラウン,99800,36,4.3,28.8,37,25,22,内装3段,140,\n,\n,クラス27標準装備,低床,前輪駆動,20181216
丸石,,プルミエール アシスト,,ASPE263B,\n,2018,,\n,26,,グレイッシュミント,99800,36,4.3,26.7,37,25,22,内装3段,\n,\n,750,クラス27標準装備,,前輪駆動,20181216
丸石,,プルミエール アシスト,,ASPE263B,\n,2018,,\n,26,,インクブルー,99800,36,4.3,26.7,37,25,22,内装3段,\n,\n,750,クラス27標準装備,,前輪駆動,20181216
丸石,,プルミエール アシスト,,ASPE263B,\n,2018,,\n,26,,ホワイトグレー,99800,36,4.3,26.7,37,25,22,内装3段,\n,\n,750,クラス27標準装備,,前輪駆動,20181216
ヤマハ,PAS ナチュラ,PAS ナチュラXM,イオン限定,,\n,2019,/pas[\s・]?ナチュラ[\s・]?XM/iu,\n,26,26×1 3/8WO,アイボリー,,25.5,12.3,25.4,\n,49,\n,内装3段,144,\n,740,クラス27標準装備,低床,,20181216
ヤマハ,PAS ナチュラ,PAS ナチュラXM,イオン限定,,\n,2019,/pas[\s・]?ナチュラ[\s・]?XM/iu,\n,26,26×1 3/8WO,アースブルー,,25.5,12.3,25.4,\n,49,\n,内装3段,144,\n,740,クラス27標準装備,低床,,20181216
ヤマハ,PAS ナチュラ,PAS ナチュラXM,イオン限定,,\n,2019,/pas[\s・]?ナチュラ[\s・]?XM/iu,\n,26,26×1 3/8WO,カラメルブラウン,,25.5,12.3,25.4,\n,49,\n,内装3段,144,\n,740,クラス27標準装備,低床,,20181216
丸石,,アーバニティクロス アシスト,,ASAP277J,201902,2019,,\n,27,,パールホワイト,105000,36,6.7,24.1,60,41,36,外装7段,160,\n,810,取付可,,前輪駆動,20181216
丸石,,アーバニティクロス アシスト,,ASAP277J,201902,2019,,\n,27,,インディゴブルー,105000,36,6.7,24.1,60,41,36,外装7段,160,\n,810,取付可,,前輪駆動,20181216
丸石,,アーバニティクロス アシスト,,ASAP277J,201902,2019,,\n,27,,メタリックブラック,105000,36,6.7,24.1,60,41,36,外装7段,160,\n,810,取付可,,前輪駆動,20181216
丸石,ふらっか〜ず,ふらっか〜ずココッティ アシスト,,ASCCY203J,201902,2019,,\n,20,20×1.95,ソーダブルー,105000,36,6.7,27.7,47,36,32,内装3段,140,150,730,クラス27標準装備,低床,前輪駆動,20181216
丸石,ふらっか〜ず,ふらっか〜ずココッティ アシスト,,ASCCY203J,201902,2019,,\n,20,20×1.95,モスグリーン,105000,36,6.7,27.7,47,36,32,内装3段,140,150,730,クラス27標準装備,低床,前輪駆動,20181216
丸石,ふらっか〜ず,ふらっか〜ずココッティ アシスト,,ASCCY203J,201902,2019,,\n,20,20×1.95,オフホワイト,105000,36,6.7,27.7,47,36,32,内装3段,140,150,730,クラス27標準装備,低床,前輪駆動,20181216
丸石,ふらっか〜ず,ふらっか〜ずココッティ アシスト リヤシート付きモデル,, ASCCY203J-R,201902,2019,,\n,20,20×1.95,ソーダブルー,115000,36,6.7,31.3,47,36,32,内装3段,140,150,730,クラス27標準装備,低床,前輪駆動,20181216
丸石,ふらっか〜ず,ふらっか〜ずココッティ アシスト リヤシート付きモデル,, ASCCY203J-R,201902,2019,,\n,20,20×1.95,モスグリーン,115000,36,6.7,31.3,47,36,32,内装3段,140,150,730,クラス27標準装備,低床,前輪駆動,20181216
丸石,ふらっか〜ず,ふらっか〜ずココッティ アシスト リヤシート付きモデル,, ASCCY203J-R,201902,2019,,\n,20,20×1.95,オフホワイト,115000,36,6.7,31.3,47,36,32,内装3段,140,150,730,クラス27標準装備,低床,前輪駆動,20181216
丸石,ふらっか〜ず,ふらっか～ずアクティブ アシスト,,ASFRPP203J,201902,2019,,\n,20,20×1.95,エナメルブラック,118000,36,6.7,31,47,36,32,内装3段,140,150,750,クラス27標準装備,,前輪駆動,20181216
丸石,ふらっか〜ず,ふらっか～ずアクティブ アシスト,,ASFRPP203J,201902,2019,,\n,20,20×1.95,パールホワイト,118000,36,6.7,31,47,36,32,内装3段,140,150,750,クラス27標準装備,,前輪駆動,20181216
丸石,ふらっか〜ず,ふらっか～ずキュート アシスト,,ASFRQ263J,201902,2019,,\n,26,,エナメルネイビー,105000,36,6.7,28.9,58,39,35,内装3段,142,155,760,クラス27標準装備,低床,前輪駆動,20181216
丸石,ふらっか〜ず,ふらっか～ずキュート アシスト,,ASFRQ263J,201902,2019,,\n,26,,メタリックエンジ,105000,36,6.7,28.9,58,39,35,内装3段,142,155,760,クラス27標準装備,低床,前輪駆動,20181216
丸石,ふらっか〜ず,ふらっか～ずキュート アシスト,,ASFRQ263J,201902,2019,,\n,26,,メタリックシルバー,105000,36,6.7,28.9,58,39,35,内装3段,142,155,760,クラス27標準装備,低床,前輪駆動,20181216
丸石,,プルミエール アシスト,,ASPE263J,201902,2019,,\n,26,,ブリティッシュグリーン,105000,36,6.7,26.8,58,39,35,内装3段,140,\n,750,クラス27標準装備,,前輪駆動,20181216
丸石,,プルミエール アシスト,,ASPE263J,201902,2019,,\n,26,,ダークレッド,105000,36,6.7,26.8,58,39,35,内装3段,140,\n,750,クラス27標準装備,,前輪駆動,20181216
丸石,,プルミエール アシスト,,ASPE263J,201902,2019,,\n,26,,アイボリー,105000,36,6.7,26.8,58,39,35,内装3段,140,\n,750,クラス27標準装備,,前輪駆動,20181216
ヤマハ,PAS Kiss,PAS Kiss mini un,,PA20KXL,20190214,2019,/pas[\s・]?kiss[\s・]?mini[\s・]?un/iu,\n,20,20×2.125HE,ビビッドレッド,140000,25.5,12.3,30.4,60,49,40,内装3段,142,146,730,クラス27標準装備,低床,,20181216
ヤマハ,PAS Kiss,PAS Kiss mini un,,PA20KXL,20190214,2019,/pas[\s・]?kiss[\s・]?mini[\s・]?un/iu,\n,20,20×2.125HE,ピュアパールホワイト,140000,25.5,12.3,30.4,60,49,40,内装3段,142,146,730,クラス27標準装備,低床,,20181216
ヤマハ,PAS Kiss,PAS Kiss mini un,,PA20KXL,20190214,2019,/pas[\s・]?kiss[\s・]?mini[\s・]?un/iu,\n,20,20×2.125HE,マットブラック2,140000,25.5,12.3,30.4,60,49,40,内装3段,142,146,730,クラス27標準装備,低床,,20181216
ヤマハ,PAS Kiss,PAS Kiss mini un,,PA20KXL,20190214,2019,/pas[\s・]?kiss[\s・]?mini[\s・]?un/iu,\n,20,20×2.125HE,アクアシアン,140000,25.5,12.3,30.4,60,49,40,内装3段,142,146,730,クラス27標準装備,低床,,20181216
ヤマハ,PAS Kiss,PAS Kiss mini un,,PA20KXL,20190214,2019,/pas[\s・]?kiss[\s・]?mini[\s・]?un/iu,\n,20,20×2.125HE,ホワイト／グリーン,140000,25.5,12.3,30.4,60,49,40,内装3段,142,146,730,クラス27標準装備,低床,,20181216
ヤマハ,PAS Kiss,PAS Kiss mini un,,PA20KXL,20190214,2019,/pas[\s・]?kiss[\s・]?mini[\s・]?un/iu,\n,20,20×2.125HE,グレー／ビビッドマットオレンジ,140000,25.5,12.3,30.4,60,49,40,内装3段,142,146,730,クラス27標準装備,低床,,20181216
ヤマハ,PAS Kiss,PAS Kiss mini un sp,,PA20KSP,20190303,2019,/pas[\s・]?kiss[\s・]?mini[\s・]?un[\s・]sp/iu,\n,20,20×2.125HE,アクアシアン,144000,25.5,15.4,31,75,61,50,内装3段,142,146,730,クラス27標準装備,低床,,20181216
ヤマハ,PAS Kiss,PAS Kiss mini un sp,,PA20KSP,20190303,2019,/pas[\s・]?kiss[\s・]?mini[\s・]?un[\s・]sp/iu,\n,20,20×2.125HE,マットブラック2,144000,25.5,15.4,31,75,61,50,内装3段,142,146,730,クラス27標準装備,低床,,20181216
ヤマハ,,PAS Fiona,あさひ限定,,20190111,2019,/pas[\s・]?Fiona/isu,\n,26,26×1 1/2WO,ターコイズ,,25.5,12.3,27.8,76,54,45,内装3段,146,\n,750,クラス27標準装備,,,20181216
ヤマハ,,PAS Fiona,あさひ限定,,20190111,2019,/pas[\s・]?Fiona/isu,\n,26,26×1 1/2WO,カラメルブラウン,,25.5,12.3,27.8,76,54,45,内装3段,146,\n,750,クラス27標準装備,,,20181216
ヤマハ,,PAS Fiona,あさひ限定,,20190111,2019,/pas[\s・]?Fiona/isu,\n,26,26×1 1/2WO,ミルキーアイボリー,,25.5,12.3,27.8,76,54,45,内装3段,146,\n,750,クラス27標準装備,,,20181216
